customer_id,age,gender,education,employment_type,employment_years,annual_income,loan_amount,debt_to_income_ratio,credit_score,num_previous_loans,missed_payments_last_2yr,defaulted
CUST_0031,44,male,Bachelor,salaried,17,,21029,0.14,613,1,13,0
CUST_0109,41,M,Master,salaried,24,40446.0,99848,0.7,408,6,9,1
CUST_0136,,male,high school,Self-Employed,9,59620.0,22015,0.19,,7,10,0
CUST_0088,,female,High School,salaried,,50368.0,88820,0.65,439,3,1,0
CUST_0918,28,male,Bachelor,,5,29061.0,97446,0.73,603,8,2,1
CUST_0924,28,F,masters,Salaried,26,21563.0,91698,0.4,371,9,9,0
CUST_0870,65,male,High School,salaried,22,60829.0,53651,,569,6,5,0
CUST_0318,57,F,Bachelor,salaried,,68765.0,30150,0.34,630,5,11,0
CUST_0261,20,Male,,salaried,20,50521.0,31390,0.38,784,6,12,0
CUST_0535,22,M,,,,40322.0,19567,0.63,419,9,11,0
CUST_0919,68,male,high school,SELF-EMPLOYED,21,60733.0,95102,0.45,597,9,2,0
CUST_0596,62,,Master,Unemployed,26,80015.0,93296,0.53,770,8,3,0
CUST_0076,61,Male,,SELF-EMPLOYED,28,57889.0,62418,0.88,302,7,5,1
CUST_0107,61,F,Master,SELF-EMPLOYED,27,32878.0,61614,0.83,436,0,12,1
CUST_0424,52,,Bachelor,Salaried,,22802.0,27746,0.37,511,8,7,1
CUST_0584,43,M,,SELF-EMPLOYED,12,24106.0,63557,0.83,312,2,12,1
CUST_0853,49,female,Master,Unemployed,15,43258.0,31421,0.77,746,5,11,1
CUST_0664,31,,,SELF-EMPLOYED,29,28074.0,79637,0.18,771,6,2,0
CUST_0829,22,Female,BACHELOR,salaried,27,66355.0,31762,0.2,402,1,9,1
CUST_0420,,F,Master,Unemployed,10,50574.0,15449,0.32,555,7,4,0
CUST_0597,28,F,Master,,3,67004.0,55952,0.56,683,6,7,1
CUST_0458,54,F,masters,Salaried,16,24393.0,33365,0.43,719,1,1,0
CUST_0312,69,M,Bachelor,Unemployed,4,28378.0,10906,0.7,754,6,2,0
CUST_0649,64,F,BACHELOR,Self-Employed,21,58438.0,39542,0.38,357,6,2,1
CUST_0365,64,F,high school,Unemployed,23,99106.0,64042,0.88,412,6,9,1
CUST_0321,65,M,PhD,salaried,16,40754.0,57756,0.3,326,7,6,1
CUST_0629,66,M,high school,,29,54348.0,60398,0.75,670,4,5,0
CUST_0914,,M,BACHELOR,salaried,1,,73026,0.38,,2,8,1
CUST_0468,49,Female,,SELF-EMPLOYED,4,,9493,0.23,675,4,5,0
CUST_0598,46,Male,masters,Self-Employed,25,43026.0,10463,0.62,716,9,14,1
CUST_0394,50,female,PhD,Unemployed,11,39647.0,72494,0.6,595,7,0,0
CUST_0536,53,female,,Self-Employed,12,43593.0,85404,0.33,519,7,1,0
CUST_0720,45,F,Bachelor,SELF-EMPLOYED,1,52445.0,69047,0.36,,9,7,0
CUST_0333,53,M,PhD,Salaried,18,,60426,0.34,798,6,0,0
CUST_0409,19,male,,salaried,15,60145.0,98812,0.63,595,6,2,0
CUST_0059,61,M,high school,Unemployed,16,27405.0,89730,,,9,1,1
CUST_0256,50,F,PhD,salaried,8,83309.0,46971,0.11,519,9,3,1
CUST_0969,43,female,Bachelor,,18,-99999.0,13605,0.51,634,4,11,1
CUST_0685,26,,Bachelor,Salaried,20,61278.0,39624,0.37,582,5,11,0
CUST_0342,24,,,,10,41089.0,14587,0.2,655,6,5,0
CUST_0635,36,Male,high school,,21,48847.0,57893,0.54,403,4,8,1
CUST_0708,36,Male,high school,Unemployed,26,52107.0,41027,0.44,745,6,6,1
CUST_0010,28,M,,Salaried,12,51547.0,85073,0.79,372,0,8,1
CUST_0485,54,male,BACHELOR,SELF-EMPLOYED,,86018.0,37762,0.29,745,3,9,1
CUST_0209,41,,,Self-Employed,13,73186.0,73673,0.52,817,7,14,0
CUST_0139,52,male,Bachelor,SELF-EMPLOYED,21,,98583,0.56,310,3,4,1
CUST_0388,52,,Master,Unemployed,29,46461.0,92969,0.61,733,2,6,1
CUST_0622,30,,PhD,,23,72163.0,83279,0.23,689,3,6,0
CUST_0824,38,male,PhD,,18,50563.0,86532,0.31,458,7,4,1
CUST_0717,62,M,PhD,salaried,16,77282.0,73670,0.8,663,2,1,0
CUST_0845,18,female,high school,Salaried,13,,85388,0.89,587,3,7,1
CUST_0687,,,BACHELOR,Unemployed,16,67068.0,94900,0.29,412,6,11,1
CUST_0935,46,F,High School,SELF-EMPLOYED,19,55371.0,86442,,474,8,3,0
CUST_0581,52,F,,Unemployed,,15205.0,59245,0.72,301,8,6,1
CUST_0382,54,,Bachelor,Unemployed,29,37744.0,45718,0.8,492,6,4,0
CUST_0070,23,M,high school,salaried,7,73355.0,39051,0.27,513,1,10,1
CUST_0260,46,F,masters,salaried,6,37503.0,53563,0.36,,9,11,0
CUST_0800,27,M,High School,salaried,26,64162.0,7352,0.19,343,5,4,0
CUST_0453,69,Male,High School,SELF-EMPLOYED,14,39958.0,29264,0.58,392,8,6,1
CUST_0591,68,Male,high school,SELF-EMPLOYED,,24340.0,17605,0.78,442,8,6,1
CUST_0906,27,,High School,salaried,6,50640.0,13016,0.87,420,0,6,0
CUST_0784,50,Male,Bachelor,,7,47775.0,71321,0.43,,1,13,0
CUST_0213,,,high school,SELF-EMPLOYED,23,43809.0,17924,0.48,415,8,12,1
CUST_0096,62,,Bachelor,Self-Employed,15,20428.0,99788,0.71,351,1,0,1
CUST_0679,55,F,High School,SELF-EMPLOYED,6,95818.0,76975,0.37,659,8,12,0
CUST_0849,21,Female,PhD,SELF-EMPLOYED,26,74375.0,80774,0.83,501,9,10,1
CUST_0160,69,male,High School,Salaried,1,44808.0,70428,0.79,440,2,0,0
CUST_0880,56,male,masters,SELF-EMPLOYED,17,52391.0,63954,0.23,346,1,8,1
CUST_0192,50,M,masters,,0,21849.0,12521,0.62,804,6,6,1
CUST_0280,45,Female,Master,Self-Employed,18,,26038,0.75,670,3,10,1
CUST_0533,40,F,PhD,,0,,93668,0.17,490,8,4,1
CUST_0682,30,Male,BACHELOR,Salaried,21,70451.0,33669,0.29,,6,12,1
CUST_0617,,,PhD,salaried,1,56929.0,66440,,780,6,4,0
CUST_0982,,male,Master,,,38389.0,79085,0.46,777,0,14,0
CUST_0910,22,,BACHELOR,Salaried,1,90267.0,85018,0.86,,2,4,1
CUST_0184,61,Female,BACHELOR,Salaried,5,44900.0,96006,0.66,506,9,0,0
CUST_0030,66,Female,Master,SELF-EMPLOYED,13,45221.0,70697,0.69,360,0,1,0
CUST_0328,35,female,PhD,Unemployed,25,46262.0,13438,0.23,664,9,0,0
CUST_0506,29,Male,masters,SELF-EMPLOYED,28,45580.0,72028,0.74,,8,1,1
CUST_0054,19,Male,High School,,8,32791.0,11256,0.27,486,1,1,0
CUST_0023,19,female,BACHELOR,SELF-EMPLOYED,9,40257.0,21087,0.82,735,1,13,0
CUST_0101,18,Female,Bachelor,salaried,16,95413.0,7096,0.68,847,3,9,1
CUST_0549,33,,high school,SELF-EMPLOYED,21,16628.0,51571,0.36,,8,14,1
CUST_0247,41,M,High School,Unemployed,25,34433.0,34118,0.17,613,3,3,0
CUST_0003,32,male,Bachelor,SELF-EMPLOYED,,21554.0,71549,0.51,806,0,2,0
CUST_0086,40,F,PhD,SELF-EMPLOYED,11,12584.0,58072,0.78,428,5,4,0
CUST_0843,26,Female,masters,,24,10490.0,23951,0.6,392,0,12,0
CUST_0952,43,Male,High School,Self-Employed,8,46657.0,91156,0.29,610,0,8,0
CUST_0290,43,F,,Salaried,,62648.0,85257,0.61,428,7,9,1
CUST_0210,32,Female,high school,SELF-EMPLOYED,12,28378.0,70633,0.15,484,6,2,1
CUST_0802,67,Male,PhD,Salaried,9,34280.0,81449,0.12,680,4,9,1
CUST_0174,24,Female,High School,SELF-EMPLOYED,,50278.0,67292,0.19,750,3,4,0
CUST_0199,56,,High School,Self-Employed,24,,50232,0.39,638,3,10,0
CUST_0902,46,Female,BACHELOR,SELF-EMPLOYED,16,64841.0,58410,0.27,513,5,12,1
CUST_0491,18,F,Bachelor,Self-Employed,,36947.0,59869,0.76,738,2,8,1
CUST_0063,,female,Master,SELF-EMPLOYED,17,34062.0,21184,0.26,,6,8,1
CUST_0265,43,Male,Bachelor,Unemployed,25,34892.0,37658,0.69,566,0,3,0
CUST_0231,40,Female,High School,Salaried,,57982.0,68870,0.3,361,9,9,1
CUST_0803,62,female,masters,Unemployed,,23375.0,13556,0.74,444,1,9,1
CUST_0625,52,male,High School,Salaried,12,28931.0,77124,0.16,491,8,9,1
CUST_0568,50,Male,,Self-Employed,6,37488.0,34033,0.22,357,0,2,0
CUST_0854,51,Female,Master,Salaried,8,37731.0,6708,0.62,405,1,9,1
CUST_0039,69,F,PhD,Unemployed,29,60867.0,83229,0.35,849,0,2,0
CUST_0806,18,,BACHELOR,,11,27932.0,81118,,349,0,6,1
CUST_0168,32,F,High School,salaried,21,,33228,0.31,581,2,6,0
CUST_0590,51,,high school,Salaried,15,51536.0,22087,0.74,766,1,12,1
CUST_0464,,female,Master,salaried,28,19489.0,99840,0.27,522,6,2,1
CUST_0998,35,female,Master,salaried,15,64447.0,58117,0.58,315,5,0,0
CUST_0442,45,Male,High School,Salaried,20,73900.0,28383,0.24,575,0,8,1
CUST_0908,,Male,high school,salaried,2,59199.0,67320,0.21,630,7,5,0
CUST_0066,67,male,Bachelor,,16,57422.0,80564,0.54,,2,5,0
CUST_0307,20,F,high school,salaried,3,16780.0,95724,0.62,419,1,5,1
CUST_0067,57,M,Master,salaried,22,37920.0,82984,,438,3,14,1
CUST_0198,20,,Bachelor,SELF-EMPLOYED,12,64433.0,49629,0.13,712,5,13,0
CUST_0528,56,M,masters,,26,76347.0,11581,0.43,609,1,10,0
CUST_0481,34,,Master,Self-Employed,1,64180.0,51733,0.44,427,1,0,1
CUST_0757,20,male,,SELF-EMPLOYED,25,82567.0,47417,0.74,634,3,6,1
CUST_0987,43,Female,high school,salaried,8,58892.0,64766,0.76,488,9,2,0
CUST_0362,47,female,High School,Salaried,19,53329.0,96353,0.23,839,5,8,0
CUST_0844,63,Male,PhD,,27,31213.0,6307,0.2,305,7,13,0
CUST_0558,67,,,Self-Employed,23,83678.0,45197,0.43,786,4,4,0
CUST_0618,49,female,High School,salaried,24,69960.0,49199,0.62,715,4,1,1
CUST_0352,47,female,BACHELOR,salaried,24,49306.0,86623,0.64,836,0,1,1
CUST_0760,,F,masters,Unemployed,3,38366.0,24799,0.19,507,0,3,0
CUST_0929,21,male,BACHELOR,Salaried,26,61124.0,82949,0.52,,7,0,0
CUST_0292,69,Male,high school,Salaried,3,9999999.0,42711,0.87,677,3,6,1
CUST_0752,66,Male,BACHELOR,,12,33926.0,96575,,684,8,1,0
CUST_0100,,Male,high school,Self-Employed,4,62655.0,47963,,688,4,7,0
CUST_0166,56,male,high school,Salaried,21,45381.0,25644,0.31,616,6,10,1
CUST_0700,34,F,,Unemployed,21,68366.0,84285,0.4,482,6,13,1
CUST_0808,,M,Master,Self-Employed,1,57771.0,69386,0.66,654,6,9,0
CUST_0305,,Male,,,11,59183.0,22071,,704,3,8,1
CUST_0628,34,male,Master,Salaried,20,46186.0,69089,0.74,526,8,9,1
CUST_0158,56,Male,BACHELOR,Self-Employed,12,43284.0,71707,0.19,653,2,0,0
CUST_0551,66,male,masters,Unemployed,23,,22569,0.89,476,8,12,1
CUST_0002,46,Male,masters,Unemployed,6,34872.0,23313,,718,7,9,1
CUST_0728,30,Male,High School,,22,25122.0,45603,0.88,502,5,2,0
CUST_0208,61,F,High School,,9,42780.0,19357,0.35,833,5,3,0
CUST_0299,54,Male,High School,Unemployed,1,23293.0,9135,0.5,503,4,5,1
CUST_0850,18,F,BACHELOR,Salaried,0,45731.0,43975,0.54,511,8,0,1
CUST_0436,33,female,,salaried,26,,51738,0.84,649,8,13,0
CUST_0869,34,Male,Bachelor,Self-Employed,14,13960.0,34689,0.24,375,1,3,0
CUST_0411,59,M,high school,Unemployed,2,73385.0,13179,0.83,738,1,5,0
CUST_0614,56,Female,High School,SELF-EMPLOYED,9,51572.0,64518,0.5,341,8,11,1
CUST_0907,34,Male,Master,Self-Employed,26,34931.0,7384,,353,0,6,0
CUST_0912,23,male,High School,Salaried,2,42693.0,53933,0.79,486,8,0,1
CUST_0996,64,F,BACHELOR,salaried,9,,22622,,615,0,0,0
CUST_0962,64,male,PhD,Unemployed,,57993.0,20038,0.43,726,3,7,0
CUST_0700,34,F,,Unemployed,21,68366.0,84285,0.4,482,6,13,1
CUST_0778,54,Female,high school,SELF-EMPLOYED,28,,78851,0.22,706,3,12,0
CUST_0306,33,Male,,SELF-EMPLOYED,25,48596.0,25074,0.22,816,5,10,0
CUST_0307,20,F,high school,salaried,3,16780.0,95724,0.62,419,1,5,1
CUST_0493,51,Female,high school,salaried,12,12209.0,75910,0.31,480,5,9,1
CUST_0423,43,F,High School,Self-Employed,17,50928.0,77954,0.17,478,1,6,0
CUST_0298,22,F,Master,salaried,1,9999999.0,6898,0.29,639,3,12,0
CUST_0467,,female,high school,Self-Employed,8,54866.0,61307,0.5,682,6,12,1
CUST_0884,67,female,high school,SELF-EMPLOYED,7,49453.0,25878,0.89,536,5,0,1
CUST_0755,48,male,,salaried,16,38928.0,10744,0.85,725,4,0,0
CUST_0106,18,female,Master,salaried,0,66606.0,20078,0.59,512,5,6,1
CUST_0858,56,F,High School,,26,53211.0,33308,0.84,751,7,0,0
CUST_0055,37,Male,masters,salaried,11,,81256,0.77,744,7,9,1
CUST_0120,58,M,BACHELOR,SELF-EMPLOYED,0,67392.0,72155,0.29,756,2,13,0
CUST_0310,50,M,PhD,,8,55431.0,16205,0.65,665,9,7,0
CUST_0025,50,F,high school,Unemployed,7,32720.0,28225,0.45,665,2,5,0
CUST_0072,21,Male,PhD,Salaried,5,56752.0,35447,0.66,434,1,8,0
CUST_0530,50,Female,PhD,Unemployed,3,91505.0,69046,0.67,371,5,11,1
CUST_0044,38,M,high school,Salaried,7,17449.0,26817,0.89,803,4,11,0
CUST_0275,56,M,PhD,Self-Employed,3,53696.0,80939,0.79,506,0,7,1
CUST_0478,59,female,high school,Unemployed,9,62854.0,11816,0.46,785,7,9,1
CUST_0314,66,F,High School,Unemployed,19,49208.0,67987,0.46,,9,13,1
CUST_0336,50,F,Master,Self-Employed,20,51645.0,29217,0.17,800,4,3,0
CUST_0689,22,male,masters,SELF-EMPLOYED,26,55623.0,36705,0.34,462,0,4,0
CUST_0430,53,M,Master,Unemployed,25,54987.0,7597,,665,6,8,1
CUST_0950,58,female,high school,,15,,37792,0.53,464,7,3,0
CUST_0833,20,male,masters,SELF-EMPLOYED,29,23763.0,60568,0.74,529,5,3,1
CUST_0588,27,F,masters,Unemployed,15,,21724,0.73,637,6,6,1
CUST_0703,62,M,Bachelor,Self-Employed,3,68815.0,95486,0.47,545,3,6,1
CUST_0327,63,,High School,Salaried,24,32107.0,31170,0.83,750,8,0,0
CUST_0750,64,Female,high school,salaried,15,48234.0,5929,0.53,577,3,1,0
CUST_0603,27,F,Master,SELF-EMPLOYED,2,58600.0,40634,0.11,397,7,11,1
CUST_0927,21,F,,,5,44983.0,27313,0.75,440,6,3,1
CUST_0980,43,Male,High School,Unemployed,27,45819.0,33220,0.29,446,1,11,1
CUST_0971,18,M,PhD,SELF-EMPLOYED,20,,71634,0.56,447,5,0,0
CUST_0762,27,F,PhD,SELF-EMPLOYED,,37014.0,75188,0.73,828,3,11,0
CUST_0331,33,Female,PhD,Self-Employed,26,53931.0,13004,0.86,552,4,14,0
CUST_0060,25,M,PhD,Salaried,25,60596.0,30051,0.21,551,8,6,0
CUST_0745,53,F,Bachelor,Unemployed,20,47059.0,52498,0.34,756,8,3,0
CUST_0371,52,female,High School,Self-Employed,1,73780.0,75969,0.72,454,6,4,1
CUST_0092,64,Male,masters,SELF-EMPLOYED,12,66588.0,88369,0.11,,8,7,0
CUST_0722,45,,,Self-Employed,14,50977.0,80769,0.2,491,5,13,1
CUST_0490,18,Male,High School,Salaried,28,66812.0,94709,0.6,789,1,7,0
CUST_0462,61,male,BACHELOR,salaried,17,86932.0,18947,0.8,385,1,1,0
CUST_0218,69,Male,BACHELOR,Unemployed,13,39545.0,95023,0.31,831,4,11,0
CUST_0513,31,,Master,Salaried,29,44377.0,12851,0.3,510,6,9,0
CUST_0620,29,Female,Master,Unemployed,22,91767.0,13210,0.8,723,1,1,0
CUST_0425,67,Female,High School,Salaried,22,64925.0,72990,0.89,533,0,0,1
CUST_0332,58,male,BACHELOR,Unemployed,12,,14752,0.64,758,5,2,0
CUST_0859,43,Female,Master,,1,50060.0,49789,,715,7,6,0
CUST_0989,68,Female,,SELF-EMPLOYED,18,37804.0,94833,0.37,638,3,10,0
CUST_0582,40,female,Master,SELF-EMPLOYED,17,42751.0,48056,0.49,810,0,12,1
CUST_0355,62,F,,Salaried,13,30032.0,14346,0.31,682,1,12,1
CUST_0482,36,male,Master,SELF-EMPLOYED,22,48205.0,16240,0.67,,6,10,1
CUST_0545,62,M,High School,SELF-EMPLOYED,4,52400.0,92445,0.64,484,1,7,1
CUST_0110,28,male,high school,SELF-EMPLOYED,23,59579.0,7839,0.55,846,0,12,0
CUST_0514,45,Male,BACHELOR,Self-Employed,2,85953.0,21288,,,1,13,0
CUST_0602,53,M,,salaried,0,57638.0,64156,0.21,343,1,11,0
CUST_0995,60,male,BACHELOR,Self-Employed,13,58390.0,73487,0.76,493,9,4,1
CUST_0507,43,male,masters,Self-Employed,6,50537.0,54812,0.46,517,8,4,0
CUST_0334,50,F,Master,Self-Employed,10,55341.0,31819,0.25,807,8,11,1
CUST_0848,30,Female,PhD,Unemployed,23,80615.0,97021,0.56,,0,12,1
CUST_0294,19,Male,masters,Salaried,2,35457.0,16116,0.56,506,3,4,0
CUST_0286,,,Master,salaried,24,37460.0,11971,0.14,538,1,4,1
CUST_0938,68,M,High School,Salaried,1,60765.0,91072,0.59,370,1,4,1
CUST_0447,39,,masters,Unemployed,7,48684.0,23351,0.53,595,9,3,0
CUST_0692,55,Female,masters,SELF-EMPLOYED,9,34920.0,42437,0.35,581,7,0,0
CUST_0652,52,,Master,Salaried,27,45116.0,21715,,587,4,5,0
CUST_0968,34,M,Bachelor,SELF-EMPLOYED,21,,53511,0.11,538,0,2,1
CUST_0277,57,Female,Bachelor,Self-Employed,6,64006.0,12239,0.6,813,1,2,0
CUST_0758,33,F,,Salaried,14,42417.0,12069,0.47,508,2,4,0
CUST_0137,52,Male,Bachelor,SELF-EMPLOYED,16,54477.0,55057,0.62,533,6,14,1
CUST_0501,,male,BACHELOR,Unemployed,26,49045.0,59306,0.9,570,5,10,1
CUST_0404,67,male,High School,Salaried,10,9999999.0,92960,0.32,737,2,6,0
CUST_0523,33,F,high school,salaried,12,57869.0,54879,0.6,787,2,9,1
CUST_0780,,Male,High School,Self-Employed,5,60775.0,36778,0.3,325,0,13,1
CUST_0977,64,male,,SELF-EMPLOYED,29,63463.0,15207,0.64,577,9,0,0
CUST_0580,67,F,BACHELOR,,19,72975.0,91716,0.43,571,2,4,0
CUST_0237,19,,PhD,salaried,5,48861.0,77055,0.25,803,8,9,0
CUST_0988,31,M,Bachelor,SELF-EMPLOYED,,73932.0,17449,0.63,714,0,5,0
CUST_0215,69,Female,masters,Unemployed,21,9999999.0,98269,0.65,381,5,10,1
CUST_0894,50,Male,High School,,27,36618.0,99289,0.3,633,8,14,0
CUST_0244,28,Male,Bachelor,Unemployed,16,50368.0,11823,0.45,667,2,13,0
CUST_0552,45,,high school,salaried,12,,16190,,648,5,4,0
CUST_0837,27,Female,masters,Self-Employed,26,46260.0,79965,0.22,681,5,10,0
CUST_0863,29,M,High School,SELF-EMPLOYED,3,20302.0,12684,,833,5,11,1
CUST_0667,52,Male,masters,salaried,24,33060.0,81917,0.85,436,9,4,1
CUST_0621,66,female,Master,SELF-EMPLOYED,20,47208.0,49363,0.59,,1,12,0
CUST_0078,27,,high school,Self-Employed,10,55795.0,8471,0.74,684,9,12,1
CUST_0029,42,M,High School,Unemployed,17,48995.0,16005,0.32,502,1,9,1
CUST_0450,39,female,,Salaried,,21039.0,20282,0.75,659,7,6,1
CUST_0289,33,male,Bachelor,SELF-EMPLOYED,12,38750.0,82067,0.33,360,7,2,0
CUST_0049,42,Male,Master,SELF-EMPLOYED,1,16769.0,62775,0.17,808,1,10,0
CUST_0670,60,female,Bachelor,,18,37220.0,22154,0.53,586,5,2,0
CUST_0798,42,M,,Self-Employed,11,52670.0,8236,0.57,421,4,1,1
CUST_0450,39,female,,Salaried,,21039.0,20282,0.75,659,7,6,1
CUST_0165,40,F,High School,salaried,10,48914.0,75968,0.14,544,8,2,0
CUST_0930,42,female,,SELF-EMPLOYED,8,59117.0,5276,0.64,552,5,10,1
CUST_0178,19,F,BACHELOR,salaried,7,38526.0,11588,0.37,492,7,13,1
CUST_0693,36,Female,Master,Salaried,26,44386.0,82872,0.13,461,2,6,1
CUST_0065,53,,PhD,salaried,5,45939.0,26621,0.6,362,0,11,1
CUST_0141,64,M,BACHELOR,Unemployed,6,76908.0,12896,0.47,546,6,2,1
CUST_0985,19,male,masters,salaried,,57893.0,85807,0.23,462,9,11,1
CUST_0351,63,M,PhD,Salaried,27,34644.0,48732,0.53,638,9,9,0
CUST_0861,20,Female,Bachelor,SELF-EMPLOYED,14,73812.0,31086,0.69,753,7,10,0
CUST_0440,40,female,high school,Unemployed,10,52659.0,13787,0.67,370,7,9,0
CUST_0346,65,male,high school,,14,41596.0,35090,0.23,,2,4,0
CUST_0254,65,,High School,Unemployed,14,55120.0,28648,0.57,391,5,7,0
CUST_0694,,female,Master,,1,16140.0,79878,0.36,650,7,9,0
CUST_0344,34,Female,masters,Self-Employed,0,81591.0,35930,0.26,534,5,3,1
CUST_0221,19,male,masters,SELF-EMPLOYED,24,21830.0,53777,0.62,302,8,11,1
CUST_0235,18,female,masters,Self-Employed,27,53006.0,35933,0.29,781,6,7,0
CUST_0547,33,male,PhD,SELF-EMPLOYED,0,29544.0,13770,0.81,505,9,11,1
CUST_0499,18,F,,salaried,,58509.0,14885,0.6,,6,9,1
CUST_0595,67,male,,Salaried,24,41437.0,97541,0.22,778,5,14,0
CUST_0940,38,female,masters,Self-Employed,20,42700.0,32810,0.54,423,3,1,0
CUST_0249,,Female,masters,Salaried,26,,27263,0.57,654,8,10,1
CUST_0630,37,F,Bachelor,,8,67401.0,8321,0.88,438,2,3,1
CUST_0381,58,male,High School,SELF-EMPLOYED,21,85917.0,81637,,559,9,1,0
CUST_0071,59,male,High School,,,55088.0,54811,0.43,555,8,9,0
CUST_0094,43,F,,salaried,16,54712.0,75553,0.36,360,3,3,0
CUST_0033,45,M,Master,Unemployed,13,65107.0,68646,0.41,630,3,4,0
CUST_0259,33,Male,high school,,5,24408.0,69166,0.76,699,8,1,0
CUST_0204,54,F,,SELF-EMPLOYED,,45193.0,74184,0.44,531,2,0,0
CUST_0359,44,female,high school,Unemployed,17,63496.0,74615,0.56,,7,8,1
CUST_0601,38,female,masters,SELF-EMPLOYED,,91534.0,38623,0.14,,3,8,0
CUST_0398,59,Female,high school,Salaried,0,100538.0,60296,0.62,,3,5,1
CUST_0077,51,M,masters,,27,41580.0,19472,0.86,420,4,8,1
CUST_0084,25,female,Master,Salaried,26,9237.0,11397,0.72,602,5,0,0
CUST_0319,37,Female,Master,,21,39679.0,36852,0.38,481,5,5,0
CUST_0082,65,Female,high school,Salaried,18,74024.0,59220,,541,1,7,0
CUST_0947,,,Bachelor,,9,44463.0,17866,0.14,760,4,3,0
CUST_0707,48,male,high school,Unemployed,,30633.0,67493,0.12,768,1,5,0
CUST_0538,69,,high school,Salaried,19,60456.0,66944,0.19,,6,4,0
CUST_0543,18,,,,8,58726.0,48355,0.67,546,0,11,1
CUST_0825,65,,High School,SELF-EMPLOYED,,49817.0,60778,0.37,500,8,0,0
CUST_0428,30,male,high school,,21,43844.0,20223,0.23,563,3,7,0
CUST_0309,41,F,,SELF-EMPLOYED,7,54153.0,44901,0.23,355,1,9,1
CUST_0005,25,,Bachelor,Unemployed,0,28369.0,72364,,426,4,2,0
CUST_0788,65,Male,Master,salaried,4,71826.0,30372,,825,8,3,0
CUST_0104,26,female,PhD,Self-Employed,25,40812.0,24715,0.28,613,2,4,0
CUST_0097,,,High School,,23,,67812,0.34,452,5,4,1
CUST_0296,65,Female,masters,salaried,8,48511.0,5282,0.67,779,1,14,0
CUST_0408,40,,,SELF-EMPLOYED,8,66409.0,14528,0.31,328,6,0,0
CUST_0445,49,male,high school,Salaried,1,57544.0,39518,0.16,784,1,1,0
CUST_0903,21,F,high school,,26,55985.0,24503,0.56,802,7,1,0
CUST_0281,42,Female,,SELF-EMPLOYED,8,48078.0,45846,0.56,617,5,4,0
CUST_0266,20,Male,BACHELOR,SELF-EMPLOYED,6,37769.0,11852,0.6,353,8,5,0
CUST_0739,64,Male,PhD,,8,9999999.0,45379,0.19,748,7,14,1
CUST_0886,35,female,BACHELOR,Salaried,29,41134.0,67154,0.34,667,9,2,0
CUST_0534,27,female,Bachelor,salaried,25,36971.0,87325,0.89,721,4,5,0
CUST_0432,37,female,High School,Unemployed,3,48094.0,7659,0.16,679,4,11,0
CUST_0911,51,female,,Salaried,24,52730.0,45510,0.36,782,5,12,0
CUST_0656,38,female,high school,Unemployed,3,,19376,0.2,793,3,7,0
CUST_0118,59,F,PhD,Unemployed,12,65139.0,12736,,,0,0,0
CUST_0405,49,male,PhD,Unemployed,27,42814.0,68278,0.76,837,8,13,0
CUST_0250,51,female,BACHELOR,salaried,21,58165.0,18565,0.25,784,2,13,0
CUST_0377,46,female,PhD,,4,62658.0,11416,0.35,810,6,11,1
CUST_0615,49,Female,high school,SELF-EMPLOYED,,10035.0,57781,0.71,438,3,7,1
CUST_0009,40,F,BACHELOR,,20,79598.0,64796,0.56,678,1,0,0
CUST_0357,25,,BACHELOR,SELF-EMPLOYED,25,45720.0,17763,0.46,,0,10,0
CUST_0196,30,female,Bachelor,Self-Employed,10,68713.0,51760,0.83,663,1,6,1
CUST_0631,,Male,,SELF-EMPLOYED,24,59913.0,86348,,448,4,4,1
CUST_0081,48,,PhD,Salaried,10,43479.0,51850,0.35,320,7,13,1
CUST_0526,65,female,,SELF-EMPLOYED,19,70991.0,37174,0.28,487,9,11,0
CUST_0830,48,female,masters,,0,77804.0,18283,0.42,424,8,8,1
CUST_0905,34,,masters,Salaried,11,81230.0,87035,0.45,557,5,7,1
CUST_0239,43,,high school,,19,15796.0,23133,0.83,708,8,6,1
CUST_0323,52,male,High School,Self-Employed,,43816.0,6283,0.31,598,2,1,0
CUST_0211,49,M,,salaried,4,62318.0,81943,0.88,591,6,3,0
CUST_0846,68,male,high school,Self-Employed,4,25806.0,95768,0.72,445,3,0,0
CUST_0548,41,F,PhD,SELF-EMPLOYED,16,44852.0,16093,,843,1,8,0
CUST_0497,57,Male,high school,salaried,8,65208.0,79813,0.49,829,2,13,1
CUST_0227,,M,high school,,21,83929.0,68878,0.47,778,5,7,0
CUST_0891,51,Male,PhD,SELF-EMPLOYED,5,17728.0,35386,0.54,613,1,7,1
CUST_0814,42,F,High School,Unemployed,7,68381.0,87302,0.29,486,5,2,1
CUST_0828,34,Female,BACHELOR,Unemployed,7,49499.0,69353,0.5,670,8,4,0
CUST_0177,45,male,high school,Salaried,23,47112.0,86912,0.61,402,2,13,0
CUST_0974,52,F,masters,salaried,21,65066.0,46869,,,0,10,0
CUST_0433,18,F,Bachelor,SELF-EMPLOYED,11,55580.0,91516,0.15,608,8,9,1
CUST_0943,45,female,Master,SELF-EMPLOYED,2,10672.0,89761,0.25,494,4,10,1
CUST_0516,64,F,High School,Salaried,16,38576.0,72580,0.86,526,0,12,1
CUST_0350,39,F,high school,Self-Employed,21,29917.0,23888,0.62,437,4,0,0
CUST_0518,47,female,,Unemployed,26,77987.0,90436,0.61,317,8,12,1
CUST_0007,56,male,masters,Self-Employed,8,67632.0,83645,0.79,666,6,12,0
CUST_0155,30,male,BACHELOR,SELF-EMPLOYED,12,51466.0,19289,0.8,,3,0,0
CUST_0944,59,F,Master,SELF-EMPLOYED,5,91124.0,41976,0.86,527,0,6,1
CUST_0545,62,M,High School,SELF-EMPLOYED,4,52400.0,92445,0.64,484,1,7,1
CUST_0329,19,female,High School,salaried,24,41205.0,25095,0.87,,0,2,0
CUST_0542,49,male,high school,SELF-EMPLOYED,10,,22862,0.3,721,4,7,0
CUST_0439,68,female,Bachelor,Self-Employed,16,29469.0,27010,0.46,397,8,9,1
CUST_0809,64,M,BACHELOR,,23,99859.0,14569,0.61,463,1,9,1
CUST_0900,34,M,PhD,Salaried,19,93146.0,56971,0.71,822,3,3,1
CUST_0370,21,M,,Unemployed,26,37252.0,34009,0.19,488,2,9,1
CUST_0604,54,F,high school,Self-Employed,14,70605.0,49602,,,3,9,0
CUST_0973,66,,High School,Self-Employed,23,14784.0,29322,0.87,587,3,7,0
CUST_0593,24,Male,High School,Self-Employed,,40124.0,10482,0.86,479,4,13,1
CUST_0876,31,,,Self-Employed,23,20421.0,83405,0.77,382,3,4,0
CUST_0554,44,Female,Master,salaried,28,25484.0,47752,0.65,607,1,9,1
CUST_0753,31,M,Bachelor,salaried,22,82782.0,22438,0.18,490,0,6,0
CUST_0873,32,,Master,Unemployed,18,-1820.0,65011,0.54,412,9,11,1
CUST_0532,54,female,High School,SELF-EMPLOYED,17,84719.0,31649,0.51,785,4,12,1
CUST_0866,22,female,high school,,19,22662.0,51099,0.68,814,6,13,1
CUST_0228,19,,masters,Self-Employed,,54220.0,23708,0.16,395,3,13,0
CUST_0390,69,male,high school,Self-Employed,29,22413.0,42346,0.31,674,5,7,0
CUST_0759,40,,high school,salaried,3,45928.0,47359,0.39,321,3,7,1
CUST_0212,49,,Master,SELF-EMPLOYED,5,61862.0,83258,0.39,634,3,3,0
CUST_0079,53,Female,PhD,,24,91508.0,13329,0.29,337,4,7,1
CUST_0148,56,M,PhD,Unemployed,13,16150.0,45785,0.54,808,2,13,0
CUST_0302,58,F,Master,Self-Employed,14,61195.0,94087,0.22,691,9,4,0
CUST_0448,68,M,,SELF-EMPLOYED,12,,74624,0.9,535,7,7,0
CUST_0361,38,,masters,salaried,,57648.0,90751,0.89,510,1,11,1
CUST_0531,,female,High School,,0,36216.0,54678,0.44,486,8,1,1
CUST_0529,53,Female,BACHELOR,SELF-EMPLOYED,17,,76853,0.84,431,3,11,0
CUST_0043,,M,BACHELOR,Salaried,22,13902.0,71077,0.56,618,9,2,0
CUST_0673,64,,high school,SELF-EMPLOYED,,70196.0,67068,0.49,,2,8,1
CUST_0133,61,,high school,Salaried,18,52584.0,39742,0.72,534,1,8,1
CUST_0575,,female,high school,SELF-EMPLOYED,20,73454.0,88375,0.39,410,2,3,0
CUST_0311,41,male,,Self-Employed,22,24465.0,60661,0.57,803,4,12,0
CUST_0634,30,male,PhD,salaried,27,98068.0,84190,0.21,362,7,7,1
CUST_0567,18,Female,Master,Unemployed,27,77601.0,90371,0.76,572,2,11,1
CUST_0820,51,F,PhD,Unemployed,17,46500.0,80250,0.84,493,3,6,1
CUST_0000,56,,Bachelor,Salaried,,17871.0,87617,0.31,669,6,13,1
CUST_0477,67,M,,,23,58954.0,64711,0.57,491,6,4,0
CUST_0316,53,,High School,Self-Employed,10,50566.0,85685,0.89,557,6,13,0
CUST_0737,49,male,PhD,Unemployed,8,92902.0,49179,0.64,,2,14,1
CUST_0572,61,,,Self-Employed,25,38993.0,73336,,627,1,4,0
CUST_0380,52,,BACHELOR,,29,,23058,0.85,363,4,5,1
CUST_0832,55,Male,PhD,SELF-EMPLOYED,11,50207.0,44420,0.72,757,5,14,1
CUST_0972,25,M,masters,salaried,26,61310.0,24810,0.84,308,8,13,1
CUST_0961,43,Female,,Salaried,18,24063.0,80969,0.76,333,1,2,1
CUST_0172,30,F,BACHELOR,Self-Employed,22,101467.0,62714,0.77,624,8,3,0
CUST_0125,29,Female,,,3,25106.0,85797,,344,7,1,0
CUST_0666,22,F,high school,SELF-EMPLOYED,4,81890.0,75194,0.75,791,2,12,1
CUST_0467,,female,high school,Self-Employed,8,54866.0,61307,0.5,682,6,12,1
CUST_0834,40,F,BACHELOR,Salaried,20,28697.0,90090,0.22,496,5,12,1
CUST_0939,36,,masters,SELF-EMPLOYED,29,71450.0,61622,0.51,479,0,6,1
CUST_0090,62,M,Master,Self-Employed,,56538.0,28284,0.15,582,3,11,0
CUST_0978,39,female,Master,,24,47230.0,92329,0.15,599,5,0,0
CUST_0181,23,Female,masters,Self-Employed,17,39131.0,12345,,836,9,12,0
CUST_0363,50,male,masters,,8,,95301,0.65,490,9,1,0
CUST_0274,,female,Master,Self-Employed,20,59866.0,26800,0.64,694,0,2,0
CUST_0964,64,,BACHELOR,SELF-EMPLOYED,9,39427.0,98718,0.32,833,2,4,0
CUST_0069,,M,Master,SELF-EMPLOYED,17,46886.0,50253,0.29,,5,0,0
CUST_0291,65,male,High School,Unemployed,26,69451.0,89742,0.35,455,2,4,1
CUST_0131,54,M,PhD,Salaried,19,27490.0,79971,0.67,588,8,10,0
CUST_0300,49,female,masters,Salaried,27,57603.0,11629,0.83,460,0,0,0
CUST_0605,26,Female,BACHELOR,Self-Employed,23,54775.0,54334,0.85,439,8,4,1
CUST_0326,35,M,BACHELOR,,9,75115.0,72065,0.63,757,4,9,0
CUST_0144,18,M,High School,salaried,2,30207.0,46800,0.61,417,5,9,1
CUST_0898,59,M,Bachelor,salaried,17,63558.0,11142,,398,2,6,1
CUST_0391,38,Female,Master,SELF-EMPLOYED,5,35381.0,79663,0.68,358,2,6,1
CUST_0668,40,M,Master,SELF-EMPLOYED,15,30172.0,69200,0.51,666,2,1,0
CUST_0135,39,female,masters,Salaried,4,64515.0,78997,0.71,798,8,14,0
CUST_0451,39,F,masters,Unemployed,29,6023.0,89866,0.45,409,6,12,0
CUST_0164,54,Female,,Unemployed,5,-3937.0,27669,,732,3,14,0
CUST_0028,61,female,Master,Unemployed,19,55409.0,41727,0.65,595,5,6,1
CUST_0587,43,,Bachelor,Self-Employed,8,56930.0,99611,0.76,393,7,10,1
CUST_0193,18,female,high school,Self-Employed,3,34443.0,76707,0.2,635,9,11,0
CUST_0429,,male,,,17,54383.0,77237,0.89,,8,11,1
CUST_0665,48,F,masters,Unemployed,29,21198.0,83033,0.5,669,5,8,1
CUST_0986,62,M,BACHELOR,SELF-EMPLOYED,16,26082.0,76312,0.5,740,6,12,1
CUST_0169,60,M,PhD,Salaried,0,72531.0,39521,0.41,316,5,9,1
CUST_0525,43,Male,BACHELOR,Salaried,28,62703.0,94388,0.72,689,2,14,0
CUST_0140,54,female,Master,SELF-EMPLOYED,15,87640.0,14833,0.62,505,6,6,1
CUST_0173,,female,masters,Unemployed,12,51184.0,92896,0.67,604,5,3,0
CUST_0006,38,Male,Master,Unemployed,16,83742.0,78445,0.56,708,3,6,1
CUST_0764,,male,High School,Unemployed,10,50681.0,12597,0.51,795,1,9,0
CUST_0519,63,,High School,Unemployed,25,68492.0,51403,0.53,738,6,2,0
CUST_0678,34,male,Master,Self-Employed,3,,98533,0.42,581,3,3,0
CUST_0073,46,Male,,Unemployed,4,41762.0,88930,0.27,387,4,4,1
CUST_0713,43,Male,,Unemployed,0,58809.0,84003,0.69,601,7,8,0
CUST_0675,26,female,Master,SELF-EMPLOYED,26,,35373,,549,2,1,1
CUST_0238,61,male,Bachelor,Salaried,0,56156.0,15983,0.18,347,9,8,1
CUST_0145,22,Female,high school,Self-Employed,14,47484.0,10347,0.17,681,9,8,0
CUST_0823,18,,Master,salaried,18,32030.0,30879,0.86,470,4,13,1
CUST_0234,50,F,,Self-Employed,25,52284.0,83707,0.8,423,6,3,1
CUST_0220,56,M,high school,Salaried,2,35913.0,75202,0.2,,7,0,0
CUST_0214,58,,PhD,,1,56522.0,74286,0.38,348,9,9,1
CUST_0688,19,female,,salaried,15,65178.0,72534,0.86,570,2,3,0
CUST_0132,52,female,high school,Salaried,18,98915.0,5162,0.18,713,5,11,0
CUST_0965,47,,PhD,Salaried,20,61727.0,82064,0.88,666,1,1,0
CUST_0457,60,,high school,Salaried,6,38718.0,53454,0.6,348,1,1,0
CUST_0684,59,male,high school,SELF-EMPLOYED,21,77685.0,7282,0.49,,2,14,1
CUST_0422,59,Female,Bachelor,Unemployed,24,53821.0,91661,0.4,372,8,13,1
CUST_0185,61,M,High School,,11,80079.0,93553,0.68,840,6,0,0
CUST_0041,54,Female,BACHELOR,Salaried,12,61411.0,47092,0.43,463,8,14,1
CUST_0638,29,M,high school,Unemployed,24,,8760,,446,8,2,0
CUST_0108,25,Female,high school,salaried,26,51431.0,10105,0.23,305,6,7,1
CUST_0616,41,Female,Bachelor,SELF-EMPLOYED,2,68326.0,57780,0.49,572,4,2,0
CUST_0056,45,male,Bachelor,Unemployed,16,70125.0,38937,,662,8,1,0
CUST_0449,42,female,masters,Salaried,9,87623.0,58330,,355,5,13,1
CUST_0773,43,F,high school,SELF-EMPLOYED,28,25807.0,58161,0.13,568,2,4,0
CUST_0589,43,Male,High School,Salaried,18,59540.0,8828,0.26,470,1,7,1
CUST_0895,41,M,,Self-Employed,29,70798.0,26083,0.39,654,9,12,1
CUST_0435,63,Female,masters,Salaried,28,53732.0,20037,,363,1,9,0
CUST_0024,38,female,PhD,salaried,,38152.0,53868,0.87,346,2,3,1
CUST_0810,66,M,BACHELOR,Unemployed,21,49878.0,61882,0.73,440,3,9,1
CUST_0494,,F,masters,SELF-EMPLOYED,12,40953.0,91710,0.79,483,6,2,1
CUST_0826,23,Female,Master,Unemployed,19,71717.0,42772,0.42,786,4,8,0
CUST_0981,45,,,salaried,0,32989.0,89050,0.48,789,5,8,0
CUST_0928,57,Female,Master,SELF-EMPLOYED,19,76563.0,31943,0.39,316,8,8,0
CUST_0965,47,,PhD,Salaried,20,61727.0,82064,0.88,666,1,1,0
CUST_0338,,M,Bachelor,SELF-EMPLOYED,7,39654.0,37994,0.18,714,0,12,0
CUST_0051,67,,,,23,25779.0,99947,0.15,594,1,0,0
CUST_0383,41,,,salaried,17,42245.0,37602,0.69,705,9,5,0
CUST_0539,48,M,Master,Self-Employed,22,38525.0,83002,0.87,711,3,6,1
CUST_0991,,F,BACHELOR,,9,50293.0,86253,,587,8,12,0
CUST_0660,56,male,PhD,Salaried,12,46998.0,91120,0.44,654,8,11,0
CUST_0963,39,F,High School,Salaried,24,36972.0,57327,0.16,520,6,13,1
CUST_0264,36,female,masters,,22,53735.0,84025,0.12,568,1,12,0
CUST_0954,51,Male,Master,Unemployed,3,45026.0,83471,0.23,580,9,13,1
CUST_0741,33,Female,masters,Self-Employed,5,58275.0,7011,0.9,329,0,3,0
CUST_0712,27,male,PhD,,16,18140.0,89162,,549,0,10,1
CUST_0444,19,F,Bachelor,Salaried,1,,74785,0.61,657,8,6,1
CUST_0395,20,female,High School,Self-Employed,,54475.0,81229,0.22,417,6,9,1
CUST_0541,36,male,Master,Self-Employed,,92845.0,23230,0.62,705,5,9,0
CUST_0495,65,female,Master,SELF-EMPLOYED,9,,28567,0.64,525,5,1,1
CUST_0018,19,M,high school,salaried,16,68523.0,32766,0.3,338,7,10,1
CUST_0746,52,,high school,Self-Employed,2,,16120,0.22,794,9,2,0
CUST_0522,29,,,,17,63964.0,91497,0.18,,7,10,1
CUST_0594,21,,masters,SELF-EMPLOYED,13,18868.0,70333,0.14,663,9,12,0
CUST_0479,47,female,PhD,Unemployed,27,76583.0,82175,0.51,565,5,6,0
CUST_0367,22,Male,Master,Salaried,0,39380.0,50096,0.65,767,4,11,1
CUST_0083,32,,PhD,Salaried,8,9999999.0,98808,0.5,754,9,0,0
CUST_0061,64,F,High School,Self-Employed,28,78831.0,32386,0.86,848,1,12,1
CUST_0483,45,,High School,SELF-EMPLOYED,7,78802.0,97493,0.45,654,0,1,0
CUST_0272,58,,Bachelor,Salaried,15,31012.0,56707,0.2,685,5,13,1
CUST_0285,,M,high school,Self-Employed,22,85416.0,84057,0.77,804,6,10,0
CUST_0360,51,,,Salaried,4,27545.0,41116,0.77,347,5,14,1
CUST_0354,,M,Bachelor,,,81010.0,51037,0.6,840,3,7,0
CUST_0611,53,F,PhD,Self-Employed,28,51038.0,86554,0.5,620,3,5,0
CUST_0278,18,F,High School,Salaried,3,38487.0,11710,0.25,477,3,5,0
CUST_0012,41,,High School,Unemployed,18,80462.0,69429,0.67,342,0,6,0
CUST_0182,45,Female,High School,Unemployed,2,35743.0,34300,0.84,550,9,5,1
CUST_0368,65,F,,SELF-EMPLOYED,17,37537.0,76986,0.29,313,6,4,1
CUST_0527,38,,High School,SELF-EMPLOYED,20,39295.0,97491,0.23,569,6,1,0
CUST_0643,24,female,,Self-Employed,5,27073.0,74569,0.31,592,7,5,0
CUST_0223,66,F,PhD,SELF-EMPLOYED,14,62120.0,72263,0.58,339,5,11,1
CUST_0599,53,Female,PhD,Unemployed,14,43014.0,75448,0.11,607,9,4,0
CUST_0765,25,male,masters,Unemployed,19,,52093,0.49,728,1,6,1
CUST_0706,23,Female,BACHELOR,,14,61001.0,66049,0.67,732,7,13,1
CUST_0570,27,Male,Bachelor,salaried,22,59880.0,80868,0.73,408,8,14,1
CUST_0486,43,male,Bachelor,Self-Employed,,49196.0,13259,0.75,642,0,3,0
CUST_0465,21,,,,21,36161.0,83610,0.69,637,2,2,0
CUST_0932,49,,masters,Self-Employed,19,,22611,,675,7,1,0
CUST_0636,66,Male,High School,,5,54021.0,40820,0.54,572,9,7,0
CUST_0176,39,Male,high school,Self-Employed,8,,47891,,613,5,6,0
CUST_0695,65,male,PhD,salaried,29,48033.0,77982,0.54,733,1,0,0
CUST_0655,69,,High School,salaried,18,25447.0,24086,0.8,546,1,1,1
CUST_0613,66,female,,salaried,23,,88276,0.65,531,2,5,1
CUST_0456,32,male,Master,salaried,10,54876.0,80948,0.58,839,1,4,0
CUST_0544,22,Female,Master,,8,50760.0,36259,0.72,371,8,6,1
CUST_0393,40,Male,Master,SELF-EMPLOYED,7,85891.0,5155,0.4,506,7,8,1
CUST_0163,47,F,PhD,Unemployed,8,44545.0,7539,0.16,504,3,7,1
CUST_0248,22,F,PhD,Salaried,11,53916.0,86816,0.71,799,7,3,0
CUST_0662,59,Female,BACHELOR,SELF-EMPLOYED,25,46538.0,39610,0.66,746,6,3,0
CUST_0920,,Male,Master,Unemployed,25,73714.0,56919,0.49,375,1,7,1
CUST_0997,62,,Bachelor,Self-Employed,5,41250.0,75263,0.81,443,6,12,1
CUST_0375,45,male,Bachelor,,,59428.0,46855,0.44,642,5,12,0
CUST_0412,19,,Master,salaried,27,77643.0,53781,0.5,443,8,7,1
CUST_0074,35,Male,Bachelor,SELF-EMPLOYED,11,40247.0,35254,0.39,506,3,10,1
CUST_0916,60,,BACHELOR,,23,74008.0,29045,0.68,730,3,12,1
CUST_0113,25,male,PhD,SELF-EMPLOYED,14,39799.0,47821,0.37,560,1,9,1
CUST_0500,33,Female,Bachelor,Self-Employed,22,30660.0,64659,0.39,405,6,6,1
CUST_0585,,,PhD,Salaried,28,73216.0,22543,,797,0,12,0
CUST_0114,52,male,high school,,22,44602.0,18493,,725,4,3,0
CUST_0417,26,Male,High School,,29,33661.0,55939,0.23,480,0,4,0
CUST_0089,33,,PhD,,17,83528.0,89530,0.35,743,5,8,0
CUST_0958,,male,,Salaried,28,63257.0,16390,0.3,329,6,12,0
CUST_0901,22,,BACHELOR,SELF-EMPLOYED,8,37885.0,46862,0.67,704,7,11,0
CUST_0633,39,M,High School,Salaried,24,57299.0,83682,0.7,749,3,6,0
CUST_0677,61,,PhD,Self-Employed,21,43503.0,11031,0.77,372,8,13,0
CUST_0011,28,M,Master,Salaried,20,32774.0,97197,0.57,547,0,8,1
CUST_0396,35,F,,,10,-99999.0,43547,,831,9,5,0
CUST_0557,29,M,masters,Self-Employed,10,70941.0,90925,0.33,586,6,8,0
CUST_0042,,Female,BACHELOR,Salaried,26,34734.0,67539,0.46,742,5,9,0
CUST_0167,62,M,BACHELOR,Self-Employed,,63924.0,23745,0.21,594,3,0,0
CUST_0416,50,male,BACHELOR,salaried,,74130.0,58798,0.87,454,4,7,1
CUST_0787,45,,Bachelor,Self-Employed,0,74721.0,23800,,548,6,3,1
CUST_0426,42,Male,Master,Salaried,22,62909.0,63810,0.6,,9,10,0
CUST_0917,65,Female,Master,Self-Employed,9,,55876,0.35,538,2,1,0
CUST_0312,69,M,Bachelor,Unemployed,4,28378.0,10906,0.7,754,6,2,0
CUST_0714,36,,BACHELOR,Salaried,24,49607.0,57395,0.14,324,9,3,0
CUST_0731,42,F,high school,Salaried,28,67898.0,73803,0.54,536,0,6,1
CUST_0257,26,F,,SELF-EMPLOYED,1,70287.0,23658,0.14,741,5,13,0
CUST_0335,21,Male,masters,salaried,12,67792.0,97051,0.34,603,5,6,0
CUST_0015,41,F,masters,SELF-EMPLOYED,24,46193.0,42804,0.47,469,6,9,1
CUST_0657,53,Female,high school,salaried,14,64023.0,66350,0.79,,6,3,0
CUST_0324,42,,Bachelor,Self-Employed,11,54442.0,38691,0.82,390,4,8,0
CUST_0789,46,female,high school,,26,,66516,0.6,761,5,2,0
CUST_0222,20,,BACHELOR,Salaried,2,0.0,21994,0.13,,8,9,1
CUST_0179,59,F,masters,salaried,6,39062.0,95536,0.9,828,3,3,0
CUST_0099,32,male,,,18,41694.0,27436,0.34,843,6,13,0
CUST_0521,22,M,masters,Unemployed,16,37061.0,14168,0.4,,1,7,0
CUST_0022,55,Male,masters,salaried,9,36987.0,74122,0.38,779,7,12,1
CUST_0356,68,female,,Self-Employed,17,69686.0,5587,0.13,318,3,2,1
CUST_0696,62,Female,,Self-Employed,8,,55583,0.54,439,3,10,1
CUST_0896,32,male,,salaried,8,37887.0,23354,0.77,415,2,5,0
CUST_0340,37,M,PhD,,14,95977.0,82275,0.74,413,1,9,1
CUST_0431,62,F,Bachelor,,5,81549.0,70677,0.33,575,5,3,0
CUST_0576,48,female,high school,Salaried,13,60872.0,61044,0.72,528,6,10,1
CUST_0867,47,,Master,Salaried,21,45504.0,72496,0.17,692,9,6,0
CUST_0203,26,M,high school,Self-Employed,9,64259.0,83021,0.14,356,0,6,1
CUST_0736,62,F,High School,Self-Employed,26,33293.0,89526,0.31,536,2,8,1
CUST_0093,41,Female,Bachelor,Self-Employed,,5777.0,30122,0.43,576,0,8,0
CUST_0583,34,Female,Bachelor,Self-Employed,19,27606.0,22709,0.82,585,9,4,1
CUST_0068,21,male,PhD,SELF-EMPLOYED,23,51731.0,64792,0.33,484,7,9,0
CUST_0650,33,male,PhD,salaried,14,,15651,0.73,568,9,9,0
CUST_0284,48,Female,BACHELOR,Self-Employed,0,49300.0,42991,0.66,361,0,6,1
CUST_0836,54,male,,Salaried,4,37809.0,62169,0.4,470,6,5,0
CUST_0434,25,,high school,Unemployed,18,62157.0,79567,0.2,567,1,10,1
CUST_0153,43,male,BACHELOR,,6,16902.0,22073,0.18,318,0,2,1
CUST_0075,43,female,,SELF-EMPLOYED,24,41348.0,89045,,428,6,4,0
CUST_0761,29,,Master,,17,29704.0,98762,0.8,307,7,14,1
CUST_0446,40,,High School,Unemployed,22,81310.0,58909,0.39,383,2,8,1
CUST_0188,28,M,Bachelor,SELF-EMPLOYED,27,74921.0,24446,0.88,443,7,5,1
CUST_0271,69,M,High School,Salaried,15,71072.0,54159,0.38,536,1,5,1
CUST_0236,,female,PhD,Unemployed,,42727.0,10774,0.54,,1,1,0
CUST_0487,,female,,,4,21384.0,55139,0.57,,4,0,0
CUST_0559,52,Female,masters,salaried,18,40822.0,7261,0.29,682,2,13,0
CUST_0117,22,M,Bachelor,Self-Employed,10,57546.0,42051,0.61,375,7,1,0
CUST_0851,66,Male,Bachelor,Salaried,29,79814.0,6140,0.24,305,6,3,0
CUST_0512,46,male,masters,Unemployed,20,29967.0,47946,,337,6,4,1
CUST_0578,19,Male,high school,,22,65433.0,76344,0.42,455,8,9,1
CUST_0827,,F,PhD,salaried,15,59493.0,63478,0.14,,9,0,0
CUST_0126,51,male,Master,Unemployed,14,,6431,0.31,700,3,10,0
CUST_0116,50,F,Bachelor,SELF-EMPLOYED,20,41114.0,12531,0.56,764,6,12,1
CUST_0473,57,Male,Master,,27,72345.0,36655,0.71,601,0,7,1
CUST_0723,25,Male,Master,salaried,6,50811.0,71677,0.24,541,7,14,1
CUST_0057,64,,PhD,Salaried,14,38462.0,6651,0.78,422,9,14,1
CUST_0704,21,Male,,Salaried,15,30350.0,41788,0.71,677,8,9,0
CUST_0948,,Female,,SELF-EMPLOYED,8,56148.0,71624,0.13,320,4,7,1
CUST_0369,36,Female,,salaried,5,38890.0,18230,0.74,587,6,3,0
CUST_0268,37,F,PhD,Salaried,24,31535.0,7551,0.69,819,9,11,1
CUST_0046,56,F,PhD,Self-Employed,11,55194.0,18428,0.65,793,5,8,1
CUST_0349,39,female,Master,Unemployed,23,31626.0,31475,0.38,424,5,11,1
CUST_0195,69,M,Master,,27,85045.0,23474,0.89,798,5,3,0
CUST_0102,42,Female,masters,,,,30279,0.65,476,4,10,1
CUST_0868,47,,PhD,salaried,6,26597.0,71093,0.47,615,0,3,0
CUST_0721,37,male,masters,salaried,7,60865.0,52775,0.82,829,4,6,0
CUST_0767,29,male,Bachelor,Unemployed,7,,77127,0.86,665,1,4,0
CUST_0263,53,female,Bachelor,salaried,0,,56578,0.32,744,0,5,0
CUST_0443,51,Female,masters,,15,19536.0,66709,0.39,349,3,10,0
CUST_0705,,M,masters,salaried,19,45507.0,80749,0.26,448,5,0,0
CUST_0304,36,M,,,22,66678.0,38380,0.5,369,8,4,1
CUST_0341,25,Male,,Self-Employed,27,42743.0,54416,0.21,732,3,4,0
CUST_0626,58,F,High School,SELF-EMPLOYED,,37524.0,73847,0.6,798,7,13,1
CUST_0145,22,Female,high school,Self-Employed,14,47484.0,10347,0.17,681,9,8,0
CUST_0149,44,,Master,SELF-EMPLOYED,2,80591.0,23681,0.21,,0,11,0
CUST_0124,25,F,BACHELOR,SELF-EMPLOYED,16,34524.0,28252,0.5,794,6,3,0
CUST_0817,66,M,high school,Salaried,23,56433.0,79027,0.16,728,8,0,0
CUST_0855,45,male,Bachelor,SELF-EMPLOYED,18,43950.0,8630,0.62,700,6,14,0
CUST_0050,31,,Bachelor,salaried,17,48678.0,86580,0.64,689,8,11,0
CUST_0353,55,Female,,Unemployed,14,54684.0,51305,0.65,367,9,5,1
CUST_0966,60,M,,Self-Employed,14,74765.0,26281,0.58,849,9,9,0
CUST_0142,31,M,,Unemployed,27,81863.0,37972,0.52,,5,9,1
CUST_0470,47,male,High School,,3,24969.0,39228,0.78,330,5,13,1
CUST_0399,48,female,BACHELOR,SELF-EMPLOYED,16,,26447,0.42,455,2,12,1
CUST_0653,29,Female,masters,Unemployed,11,69281.0,49409,0.29,404,6,3,0
CUST_0320,52,Male,BACHELOR,Salaried,8,51922.0,47870,0.55,849,7,11,0
CUST_0019,41,,,SELF-EMPLOYED,22,88188.0,73099,0.87,668,3,6,0
CUST_0842,31,F,high school,,4,51289.0,63342,0.18,303,0,0,0
CUST_0946,38,M,Bachelor,salaried,26,45574.0,15886,0.47,735,0,6,1
CUST_0841,38,male,Bachelor,Salaried,0,59730.0,82988,0.39,793,0,1,0
CUST_0407,39,,high school,Self-Employed,5,72174.0,76906,0.27,307,8,5,0
CUST_0537,51,male,Bachelor,Unemployed,19,58483.0,94906,0.57,352,0,14,1
CUST_0879,68,,Bachelor,Self-Employed,,61585.0,77805,0.78,,7,5,1
CUST_0038,61,Male,masters,,,16611.0,60506,0.25,637,7,9,0
CUST_0175,,Female,High School,Salaried,1,49517.0,34055,0.69,306,4,5,1
CUST_0245,34,F,Bachelor,,7,56951.0,23489,0.37,728,0,11,0
CUST_0937,67,Male,Bachelor,SELF-EMPLOYED,14,60156.0,63653,0.12,,2,0,0
CUST_0697,18,Female,BACHELOR,salaried,16,27928.0,43392,0.39,770,2,10,0
CUST_0785,37,M,Master,SELF-EMPLOYED,,31921.0,76675,0.89,445,5,3,1
CUST_0893,55,Female,PhD,Salaried,4,45813.0,74338,0.62,324,9,8,1
CUST_0154,59,F,Master,,8,66463.0,35682,0.22,494,1,1,0
CUST_0287,52,Male,Bachelor,Self-Employed,23,86248.0,34139,0.7,494,8,10,1
CUST_0630,37,F,Bachelor,,8,67401.0,8321,0.88,438,2,3,1
CUST_0569,57,Male,high school,salaried,14,57916.0,29000,0.23,627,3,14,0
CUST_0774,25,male,masters,SELF-EMPLOYED,22,83451.0,7169,0.69,714,8,14,0
CUST_0017,39,male,masters,Unemployed,21,22344.0,64664,0.79,792,9,1,0
CUST_0127,50,Male,masters,Unemployed,24,79920.0,79603,,546,2,3,0
CUST_0322,,male,Bachelor,Unemployed,,41310.0,61481,0.83,575,5,13,1
CUST_0255,,F,,,29,69653.0,55729,0.77,564,3,1,0
CUST_0992,,Male,PhD,Salaried,3,34302.0,51092,0.27,486,4,11,1
CUST_0307,20,F,high school,salaried,3,16780.0,95724,0.62,419,1,5,1
CUST_0190,42,male,Bachelor,Unemployed,21,43146.0,67032,0.76,372,6,7,1
CUST_0115,52,Male,high school,,20,30424.0,22069,0.81,386,3,4,1
CUST_0644,45,Male,PhD,Self-Employed,20,56052.0,43211,,670,6,14,1
CUST_0606,41,M,masters,SELF-EMPLOYED,26,44819.0,73648,0.63,780,3,0,1
CUST_0180,,,,SELF-EMPLOYED,,49344.0,11304,0.31,470,7,7,1
CUST_0301,26,F,BACHELOR,,,62211.0,90120,0.27,839,6,9,0
CUST_0790,30,female,masters,Unemployed,15,28153.0,25538,0.14,312,7,12,1
CUST_0743,28,,BACHELOR,Unemployed,19,47403.0,16738,0.73,744,6,11,1
CUST_0754,32,Male,PhD,,0,,53515,0.43,789,2,11,0
CUST_0715,56,female,,Salaried,18,61049.0,44758,0.78,369,2,6,1
CUST_0792,52,Male,Master,salaried,7,-99999.0,19973,0.51,698,1,6,1
CUST_0517,66,female,high school,Self-Employed,6,61451.0,12368,0.53,347,4,2,0
CUST_0372,66,male,BACHELOR,Salaried,14,78410.0,38866,0.83,770,0,3,1
CUST_0045,,Male,Master,SELF-EMPLOYED,17,50961.0,42861,0.29,686,5,7,0
CUST_0945,39,,high school,Unemployed,14,27935.0,16590,0.43,730,2,0,0
CUST_0157,49,Male,BACHELOR,Unemployed,4,24098.0,53330,0.47,748,7,2,0
CUST_0960,26,,high school,Unemployed,0,53620.0,99754,0.62,770,6,3,0
CUST_0171,53,F,Master,Self-Employed,12,27869.0,23322,0.59,568,5,7,1
CUST_0016,20,male,,,24,32487.0,20379,0.42,,1,14,1
CUST_0511,39,female,high school,SELF-EMPLOYED,19,36360.0,49900,0.25,,2,8,0
CUST_0048,21,Male,PhD,Unemployed,13,62771.0,15258,0.59,372,3,13,0
CUST_0734,23,male,High School,,16,36530.0,26312,0.63,355,5,11,1
CUST_0874,54,female,Master,SELF-EMPLOYED,21,,43635,0.6,,1,4,0
CUST_0515,22,Male,Bachelor,Unemployed,2,62816.0,77692,0.37,626,6,5,0
CUST_0716,20,female,,Salaried,3,54478.0,59312,0.26,411,1,6,1
CUST_0480,36,Female,High School,Salaried,,53930.0,69307,0.11,723,2,3,0
CUST_0283,40,M,Bachelor,,,35936.0,72821,0.73,683,3,4,0
CUST_0749,35,F,High School,Unemployed,11,22603.0,84239,0.71,738,1,5,0
CUST_0865,61,female,masters,Unemployed,12,68686.0,6207,,449,4,7,1
CUST_0225,66,male,,Unemployed,16,,15800,0.81,806,8,12,0
CUST_0026,29,,Master,Self-Employed,21,50970.0,11643,,368,9,6,1
CUST_0813,43,F,high school,Unemployed,4,48022.0,48949,0.22,762,1,11,0
CUST_0437,31,female,Master,salaried,28,53881.0,76678,0.5,793,2,8,0
CUST_0990,24,,PhD,Unemployed,0,47319.0,61699,0.85,480,6,2,1
CUST_0364,45,female,masters,SELF-EMPLOYED,10,55783.0,30556,0.64,,8,7,0
CUST_0229,19,Male,High School,Unemployed,23,48065.0,17819,0.64,713,0,1,0
CUST_0037,68,male,High School,Unemployed,,65027.0,10997,0.36,802,9,0,0
CUST_0669,,female,BACHELOR,salaried,26,6932.0,51619,0.86,483,1,10,1
CUST_0862,,,High School,,6,68991.0,21859,,590,1,4,0
CUST_0374,61,male,BACHELOR,Self-Employed,25,33352.0,81975,0.6,576,9,3,0
CUST_0469,69,M,PhD,Self-Employed,9,57041.0,55085,0.87,770,9,1,0
CUST_0674,29,M,high school,,15,36236.0,82313,0.48,810,5,6,0
CUST_0885,51,Female,Master,salaried,25,31334.0,56098,0.18,547,5,12,1
CUST_0734,23,male,High School,,16,36530.0,26312,0.63,355,5,11,1
CUST_0756,18,M,masters,salaried,2,61379.0,88820,0.61,704,2,11,0
CUST_0194,44,Female,Master,,20,27788.0,28481,0.62,724,9,5,0
CUST_0889,44,,Master,Unemployed,16,84234.0,41593,0.84,789,0,2,0
CUST_0899,68,female,masters,SELF-EMPLOYED,25,40241.0,33398,0.55,758,5,3,0
CUST_0503,39,Female,high school,salaried,,26832.0,70087,0.49,824,9,0,0
CUST_0690,,male,Master,Unemployed,22,52084.0,43244,0.24,759,8,1,0
CUST_0864,18,Female,,Unemployed,0,-1078.0,96088,0.23,492,0,14,1
CUST_0579,68,,masters,Self-Employed,9,-6970.0,11796,0.86,772,5,12,1
CUST_0395,20,female,High School,Self-Employed,,54475.0,81229,0.22,417,6,9,1
CUST_0680,,Female,,salaried,15,22208.0,27785,0.49,309,6,8,1
CUST_0162,21,Male,BACHELOR,Self-Employed,8,45085.0,82465,0.6,538,4,0,0
CUST_0732,50,F,Bachelor,SELF-EMPLOYED,29,9999999.0,44332,0.32,610,7,7,0
CUST_0152,32,male,high school,Salaried,27,,52299,0.23,780,0,4,1
CUST_0711,44,Male,Master,SELF-EMPLOYED,5,56395.0,22858,0.55,442,6,0,1
CUST_0730,66,F,PhD,Unemployed,6,35631.0,86926,0.84,304,8,1,1
CUST_0786,30,male,masters,SELF-EMPLOYED,,35289.0,11344,0.14,687,6,3,0
CUST_0111,68,,High School,salaried,,56673.0,73920,0.32,338,8,0,1
CUST_0226,34,M,,Self-Employed,11,8361.0,42823,0.46,421,3,13,0
CUST_0718,30,,high school,,8,52504.0,87279,0.38,602,5,0,0
CUST_0103,24,M,Master,Unemployed,22,54964.0,31201,0.89,661,7,4,0
CUST_0421,46,F,,SELF-EMPLOYED,4,75569.0,55290,0.75,810,0,8,1
CUST_0419,65,Female,high school,,11,42133.0,61526,0.18,387,7,5,1
CUST_0781,44,Male,high school,,24,31586.0,32734,0.4,304,1,12,1
CUST_0586,46,F,Bachelor,salaried,7,,42418,0.85,537,1,0,0
CUST_0811,28,F,high school,Self-Employed,18,66769.0,75393,0.85,427,4,5,1
CUST_0672,35,male,high school,,,82840.0,65058,0.78,674,4,14,1
CUST_0119,56,Male,High School,Self-Employed,4,31556.0,12710,0.14,713,4,8,1
CUST_0053,43,Female,High School,salaried,,50947.0,33854,,848,8,10,0
CUST_0151,32,M,PhD,SELF-EMPLOYED,8,41462.0,20892,0.74,588,4,1,1
CUST_0403,41,male,Master,Unemployed,17,86934.0,80330,0.83,312,6,9,1
CUST_0984,41,female,Bachelor,,3,83398.0,75721,0.39,,6,7,0
CUST_0207,,,Bachelor,Unemployed,20,58885.0,88457,0.61,493,3,12,1
CUST_0658,40,female,BACHELOR,Salaried,8,44048.0,76425,0.57,485,0,8,0
CUST_0924,28,F,masters,Salaried,26,21563.0,91698,0.4,371,9,9,0
CUST_0793,23,M,high school,Unemployed,12,52834.0,76155,0.52,318,0,8,1
CUST_0008,,Male,High School,SELF-EMPLOYED,29,49840.0,7023,0.21,570,9,1,0
CUST_0979,31,female,masters,,12,25514.0,72628,,,2,14,1
CUST_0036,64,F,Bachelor,salaried,23,51986.0,73926,0.49,603,9,0,0
CUST_0452,66,Male,BACHELOR,Unemployed,3,58800.0,26778,0.74,,4,14,0
CUST_0651,22,F,BACHELOR,Unemployed,3,59070.0,83931,0.29,607,2,11,0
CUST_0253,28,M,High School,Salaried,26,59451.0,96179,0.15,840,4,11,0
CUST_0303,52,F,High School,salaried,27,71615.0,70031,0.71,833,6,7,1
CUST_0777,45,,BACHELOR,Self-Employed,26,,76849,0.77,305,7,4,1
CUST_0571,60,female,Bachelor,Unemployed,6,55213.0,47604,0.59,578,0,3,0
CUST_0623,40,Male,Master,Self-Employed,19,29201.0,65348,0.87,641,9,9,1
CUST_0740,38,Male,High School,Self-Employed,,62675.0,22297,0.1,659,6,10,0
CUST_0750,64,Female,high school,salaried,15,48234.0,5929,0.53,577,3,1,0
CUST_0262,37,Female,masters,salaried,24,60353.0,93664,0.58,769,5,13,1
CUST_0610,65,male,High School,salaried,1,64552.0,85650,0.47,567,9,4,0
CUST_0297,,,high school,Salaried,28,,84473,0.24,639,2,2,0
CUST_0414,34,M,High School,Self-Employed,23,46657.0,87379,0.21,344,7,9,0
CUST_0150,26,Female,High School,,11,46839.0,55026,0.65,474,9,0,0
CUST_0819,50,Female,High School,,2,69840.0,5358,0.42,536,4,0,1
CUST_0640,36,Female,Master,Unemployed,7,62774.0,72411,0.78,,6,10,0
CUST_0925,,M,high school,SELF-EMPLOYED,28,80026.0,41674,0.39,562,0,9,1
CUST_0550,19,Female,high school,Unemployed,1,57984.0,5193,0.3,375,5,4,0
CUST_0822,52,female,Master,Salaried,22,,35654,0.17,,8,4,0
CUST_0488,26,male,PhD,Salaried,26,52562.0,19849,0.27,364,9,14,1
CUST_0710,56,male,Master,SELF-EMPLOYED,4,37972.0,47849,0.37,593,8,3,0
CUST_0147,31,,masters,SELF-EMPLOYED,17,71883.0,7643,0.33,662,3,9,0
CUST_0146,43,M,masters,SELF-EMPLOYED,15,,64063,,711,2,9,0
CUST_0751,58,male,Bachelor,Salaried,14,101594.0,82487,0.16,410,4,8,1
CUST_0970,53,F,Bachelor,salaried,15,54815.0,6381,0.13,740,5,1,0
CUST_0770,25,male,masters,salaried,0,10125.0,31417,0.14,371,3,6,0
CUST_0659,,F,masters,,4,77514.0,41636,0.2,551,1,6,0
CUST_0348,68,Male,High School,salaried,,23110.0,57142,0.76,507,1,1,1
CUST_0463,22,female,BACHELOR,Self-Employed,21,28598.0,84222,0.29,815,8,3,0
CUST_0325,46,F,high school,salaried,6,40425.0,6125,0.18,779,1,9,0
CUST_0186,37,M,high school,salaried,11,-3019.0,20352,0.77,,8,8,1
CUST_0123,26,F,High School,Unemployed,10,87535.0,50603,,671,5,14,0
CUST_0888,32,F,Master,SELF-EMPLOYED,9,46541.0,73344,,324,3,4,1
CUST_0608,66,female,Master,SELF-EMPLOYED,28,,75028,0.11,371,8,8,0
CUST_0143,20,M,Master,Unemployed,8,39775.0,54733,0.13,446,7,3,0
CUST_0159,66,Female,High School,Self-Employed,3,83380.0,82454,0.62,,0,11,0
CUST_0197,58,male,PhD,salaried,2,75431.0,60718,0.45,498,2,8,1
CUST_0609,52,female,Master,Self-Employed,3,49255.0,27207,0.53,489,8,11,1
CUST_0279,28,F,Bachelor,Self-Employed,,52440.0,26384,0.18,695,0,3,0
CUST_0293,66,F,Bachelor,salaried,7,18595.0,11530,0.13,736,1,4,0
CUST_0400,20,F,High School,Self-Employed,15,,41598,0.58,483,4,11,1
CUST_0122,24,Female,Master,,11,,67424,0.35,538,2,12,1
CUST_0183,45,male,,Self-Employed,27,,29259,0.12,686,2,13,0
CUST_0202,44,female,masters,salaried,21,25557.0,55669,0.47,841,9,13,0
CUST_0438,29,F,Bachelor,Self-Employed,1,71472.0,17109,0.77,822,7,3,0
CUST_0246,55,Female,Bachelor,Salaried,27,39204.0,44961,0.54,779,2,1,0
CUST_0415,,Female,PhD,Self-Employed,26,52934.0,28952,0.88,538,0,7,1
CUST_0807,35,Female,masters,salaried,22,6942.0,55098,0.22,364,9,4,0
CUST_0796,22,male,Bachelor,Unemployed,2,53840.0,47261,0.26,,7,3,0
CUST_0959,44,F,Bachelor,SELF-EMPLOYED,3,,25131,0.62,344,4,8,1
CUST_0799,19,female,PhD,salaried,15,46950.0,20848,0.27,731,4,1,0
CUST_0923,,male,,SELF-EMPLOYED,6,34864.0,10845,0.45,582,6,14,0
CUST_0129,40,Female,High School,Unemployed,8,48888.0,97573,,784,8,7,0
CUST_0637,53,female,high school,Unemployed,,71013.0,71262,0.17,305,7,4,0
CUST_0402,63,Female,High School,Unemployed,12,63637.0,95751,0.11,393,7,11,0
CUST_0936,49,F,BACHELOR,salaried,2,80569.0,54847,0.62,375,1,2,1
CUST_0801,,female,PhD,Unemployed,10,69134.0,6932,0.88,616,2,6,0
CUST_0735,61,,PhD,Salaried,,55579.0,98376,0.89,742,3,9,1
CUST_0949,22,,masters,SELF-EMPLOYED,0,66314.0,73899,0.67,,5,12,1
CUST_0219,29,F,high school,Self-Employed,9,70980.0,35651,0.35,520,4,13,1
CUST_0641,29,,masters,Self-Employed,6,27139.0,28377,0.18,849,1,8,0
CUST_0951,29,Female,,Self-Employed,5,,14764,0.51,326,9,5,0
CUST_0783,,F,high school,salaried,16,21725.0,35403,0.49,689,1,13,1
CUST_0887,47,male,PhD,salaried,28,32303.0,17991,0.61,794,0,9,1
CUST_0956,31,male,Bachelor,SELF-EMPLOYED,27,59819.0,12295,0.47,,8,3,0
CUST_0624,42,Male,masters,Self-Employed,22,62255.0,60284,0.51,792,9,12,0
CUST_0872,40,female,high school,SELF-EMPLOYED,22,38469.0,71418,0.42,829,2,8,0
CUST_0922,33,female,Bachelor,,22,69920.0,41188,0.41,773,1,5,0
CUST_0386,63,female,BACHELOR,SELF-EMPLOYED,13,63170.0,63067,0.31,,2,1,0
CUST_0777,45,,BACHELOR,Self-Employed,26,,76849,0.77,305,7,4,1
CUST_0509,68,male,Bachelor,,2,9165.0,84151,0.57,500,5,7,0
CUST_0267,36,female,masters,SELF-EMPLOYED,19,21866.0,99986,,827,9,1,0
CUST_0852,57,M,PhD,Self-Employed,17,52973.0,29842,0.4,675,3,9,0
CUST_0441,,male,masters,salaried,10,35997.0,13472,0.69,663,3,9,0
CUST_0496,42,male,PhD,salaried,3,18321.0,40292,0.46,388,5,4,0
CUST_0112,,female,High School,SELF-EMPLOYED,9,,48619,0.48,724,5,1,0
CUST_0691,54,F,High School,Self-Employed,9,48748.0,79964,,404,5,9,1
CUST_0232,54,F,PhD,Salaried,24,49247.0,14283,0.44,555,5,4,0
CUST_0904,27,,masters,Unemployed,16,,53456,0.79,747,0,4,0
CUST_0607,52,M,Bachelor,salaried,7,-99999.0,27054,0.76,536,7,11,1
CUST_0671,28,,Bachelor,,,23538.0,24539,0.42,771,3,13,0
CUST_0373,34,Male,PhD,salaried,28,38585.0,89246,0.41,374,8,7,1
CUST_0735,61,,PhD,Salaried,,55579.0,98376,0.89,742,3,9,1
CUST_0877,19,M,Bachelor,,19,53667.0,77702,0.27,424,2,1,0
CUST_0233,49,M,high school,Self-Employed,3,72066.0,35573,0.77,647,8,11,0
CUST_0816,44,Female,Master,SELF-EMPLOYED,13,55347.0,96668,0.27,687,6,7,0
CUST_0676,27,male,Bachelor,SELF-EMPLOYED,14,69635.0,38154,0.78,809,7,8,0
CUST_0317,55,female,High School,SELF-EMPLOYED,14,50595.0,59400,,563,9,9,1
CUST_0648,36,M,masters,Unemployed,18,56427.0,21977,0.6,598,4,5,0
CUST_0410,44,Female,Bachelor,Unemployed,,71333.0,55100,0.87,639,5,1,0
CUST_0934,44,Male,PhD,Self-Employed,18,51140.0,57887,0.68,389,2,13,1
CUST_0709,61,Male,Bachelor,Salaried,20,23319.0,98547,0.72,780,5,5,0
CUST_0358,44,Male,Master,SELF-EMPLOYED,16,49010.0,64165,0.81,,1,14,1
CUST_0258,,M,high school,Salaried,4,13182.0,26253,0.56,700,6,2,0
CUST_0744,54,F,High School,Unemployed,19,50876.0,99333,0.51,,6,13,1
CUST_0627,47,Male,Master,Self-Employed,29,88280.0,27432,0.3,,2,10,1
CUST_0632,42,,PhD,salaried,28,53008.0,42383,0.46,414,9,0,0
CUST_0282,67,male,,Salaried,10,,92983,0.59,668,9,10,0
CUST_0376,47,male,Master,SELF-EMPLOYED,13,38955.0,86557,,724,4,9,0
CUST_0384,46,M,,SELF-EMPLOYED,13,55717.0,79658,0.3,392,6,4,0
CUST_0224,54,male,Bachelor,,,24391.0,64634,0.8,358,5,0,1
CUST_0994,63,F,PhD,,12,47581.0,15350,0.69,429,6,0,1
CUST_0847,62,female,masters,Salaried,21,61998.0,40428,0.41,723,1,13,0
CUST_0472,52,female,,Salaried,27,48356.0,56875,0.43,310,8,7,1
CUST_0347,29,female,High School,,19,44364.0,92489,,814,6,2,0
CUST_0505,20,female,Master,Self-Employed,24,67547.0,63929,0.83,692,4,7,1
CUST_0639,58,Male,BACHELOR,Unemployed,9,73740.0,27190,0.78,483,3,9,1
CUST_0149,44,,Master,SELF-EMPLOYED,2,80591.0,23681,0.21,,0,11,0
CUST_0797,64,female,BACHELOR,salaried,18,43817.0,32716,0.36,718,3,10,0
CUST_0967,65,Male,PhD,salaried,26,50425.0,59189,0.67,415,1,8,0
CUST_0941,22,F,PhD,Unemployed,1,33215.0,82842,,680,4,4,0
CUST_0619,54,female,masters,Self-Employed,16,,66035,0.24,805,3,13,1
CUST_0890,68,M,high school,salaried,1,22561.0,41304,0.15,793,3,8,0
CUST_0835,54,Female,High School,salaried,10,43895.0,25219,0.39,722,1,7,0
CUST_0645,31,,masters,SELF-EMPLOYED,28,34914.0,87909,0.2,543,6,4,0
CUST_0881,55,,masters,SELF-EMPLOYED,9,30538.0,33064,0.88,555,9,12,1
CUST_0556,41,M,masters,,4,54489.0,47070,0.29,426,2,12,1
CUST_0999,,F,Bachelor,Unemployed,5,42543.0,63394,0.52,,6,9,1
CUST_0577,63,F,,salaried,3,42587.0,68315,0.75,796,2,11,0
CUST_0795,68,Male,Bachelor,Unemployed,29,57866.0,41575,0.24,718,8,4,0
CUST_0085,31,Female,high school,salaried,1,29838.0,40525,0.79,368,7,7,1
CUST_0242,49,F,high school,Salaried,15,53417.0,61700,0.14,549,0,6,0
CUST_0698,39,,PhD,SELF-EMPLOYED,10,53597.0,12461,0.46,431,9,7,1
CUST_0909,41,male,BACHELOR,SELF-EMPLOYED,,36445.0,20072,0.41,540,6,2,1
CUST_0159,66,Female,High School,Self-Employed,3,83380.0,82454,0.62,,0,11,0
CUST_0524,43,female,high school,SELF-EMPLOYED,19,67903.0,64871,,528,7,9,1
CUST_0035,32,Female,High School,Salaried,20,30448.0,33731,0.35,637,8,11,0
CUST_0540,27,F,BACHELOR,Self-Employed,9,49512.0,33803,0.24,,4,9,1
CUST_0170,46,Female,masters,,3,44622.0,31928,0.85,370,2,2,1
CUST_0654,,female,masters,Self-Employed,5,73789.0,29306,0.67,527,8,14,1
CUST_0926,25,male,,salaried,14,43546.0,24337,0.52,311,5,10,0
CUST_0892,69,,High School,SELF-EMPLOYED,25,79423.0,60220,0.57,674,4,2,0
CUST_0882,51,F,Bachelor,,8,,84063,0.77,329,6,2,0
CUST_0983,31,Male,High School,salaried,12,61771.0,27031,0.57,458,6,11,1
CUST_0733,55,female,Bachelor,salaried,,-99999.0,96703,0.66,848,7,0,0
CUST_0095,42,Male,masters,Unemployed,5,65417.0,86906,0.65,618,3,0,1
CUST_0563,60,male,BACHELOR,Salaried,25,67673.0,91795,0.37,575,1,7,0
CUST_0240,49,Female,High School,SELF-EMPLOYED,22,23036.0,19939,0.76,435,5,14,1
CUST_0742,38,M,PhD,Unemployed,5,46294.0,49014,,407,5,13,1
CUST_0574,30,Female,masters,salaried,4,49488.0,10410,0.35,773,1,0,0
CUST_0690,,male,Master,Unemployed,22,52084.0,43244,0.24,759,8,1,0
CUST_0460,25,M,High School,SELF-EMPLOYED,19,63004.0,53200,0.17,335,6,0,1
CUST_0553,,M,High School,salaried,8,81479.0,67824,0.69,554,5,10,1
CUST_0857,25,F,masters,Salaried,4,53408.0,81021,0.82,687,9,8,1
CUST_0913,19,Female,BACHELOR,Unemployed,15,53693.0,26826,0.81,561,6,6,0
CUST_0206,68,Female,High School,salaried,14,64219.0,18140,0.84,683,7,8,1
CUST_0392,49,male,,Self-Employed,28,49337.0,15487,0.12,342,2,6,1
CUST_0794,35,Male,high school,salaried,15,96386.0,64500,0.55,790,4,11,0
CUST_0397,42,,Master,,11,73767.0,33795,0.29,521,3,5,1
CUST_0766,55,Male,High School,salaried,2,54675.0,42226,0.6,462,5,5,0
CUST_0883,55,,BACHELOR,SELF-EMPLOYED,24,46829.0,7454,0.5,580,7,0,0
CUST_0217,66,F,masters,Self-Employed,3,46301.0,62326,0.67,,4,13,0
CUST_0004,60,F,Bachelor,,6,37068.0,28705,0.46,640,6,14,0
CUST_0768,41,F,,Salaried,13,56617.0,96369,0.56,825,5,3,0
CUST_0642,26,female,BACHELOR,Unemployed,6,82668.0,51737,,418,5,14,1
CUST_0933,20,male,high school,Unemployed,11,68556.0,16944,0.85,819,6,14,0
CUST_0612,35,Male,BACHELOR,salaried,23,64652.0,26386,0.16,406,0,3,0
CUST_0738,,M,High School,Self-Employed,28,26248.0,76442,0.14,813,5,12,0
CUST_0546,21,,High School,Unemployed,25,62270.0,35795,0.59,305,8,13,1
CUST_0725,56,female,Bachelor,Salaried,5,36741.0,90920,0.17,644,7,14,1
CUST_0953,63,male,Master,Salaried,26,55651.0,47727,0.7,584,3,4,0
CUST_0683,57,female,,Self-Employed,20,98795.0,99475,0.74,304,0,1,0
CUST_0098,46,male,Master,Unemployed,,56769.0,12999,0.75,610,2,1,0
CUST_0804,22,female,,SELF-EMPLOYED,19,13275.0,91836,0.73,626,9,8,1
CUST_0727,20,F,Bachelor,Salaried,14,84991.0,93503,0.86,802,3,7,1
CUST_0573,46,F,high school,salaried,,36567.0,78869,0.6,614,8,5,0
CUST_0406,64,M,High School,Unemployed,11,61813.0,60077,0.9,449,4,9,1
CUST_0502,22,M,Master,Self-Employed,1,49927.0,71314,0.48,802,4,5,0
CUST_0047,35,,Master,SELF-EMPLOYED,22,31913.0,48934,0.67,789,8,14,0
CUST_0032,59,female,BACHELOR,Salaried,27,,19226,0.14,460,5,3,1
CUST_0779,58,female,BACHELOR,SELF-EMPLOYED,18,51520.0,13036,0.34,516,0,2,0
CUST_0839,36,Male,high school,salaried,16,60593.0,49695,0.67,752,1,2,0
CUST_0200,23,,PhD,Self-Employed,16,39509.0,91544,0.76,728,5,9,0
CUST_0134,57,Female,Master,SELF-EMPLOYED,11,52187.0,24675,0.75,715,4,12,0
CUST_0027,39,Female,,Salaried,19,,98059,,598,0,9,0
CUST_0915,60,Male,High School,Unemployed,27,30567.0,30518,,790,5,0,0
CUST_0230,45,female,high school,salaried,28,-99999.0,79905,0.76,534,6,11,1
CUST_0489,29,Male,High School,Salaried,24,36378.0,86768,0.29,546,2,12,1
CUST_0772,,,High School,Unemployed,1,74553.0,84674,0.25,808,7,4,0
CUST_0378,63,Male,PhD,SELF-EMPLOYED,5,54058.0,77516,0.71,481,4,12,1
CUST_0288,24,F,High School,Self-Employed,7,64155.0,90445,0.78,521,2,14,1
CUST_0418,60,female,masters,Unemployed,24,57373.0,34516,0.34,514,9,7,1
CUST_0674,29,M,high school,,15,36236.0,82313,0.48,810,5,6,0
CUST_0391,38,Female,Master,SELF-EMPLOYED,5,35381.0,79663,0.68,358,2,6,1
CUST_0592,58,female,high school,Salaried,13,69925.0,36337,0.33,500,5,10,1
CUST_0498,62,Female,High School,Salaried,21,65716.0,56631,0.26,670,7,2,0
CUST_0138,18,female,High School,,,34190.0,37591,,839,0,11,1
CUST_0062,52,M,high school,Unemployed,25,567.0,80054,0.16,634,3,14,0
CUST_0471,64,male,high school,Self-Employed,4,78875.0,84676,0.79,674,7,13,0
CUST_0647,69,F,Master,Self-Employed,2,56575.0,29995,0.18,476,6,2,1
CUST_0128,65,F,high school,Self-Employed,29,63087.0,42481,0.21,749,4,7,1
CUST_0370,21,M,,Unemployed,26,37252.0,34009,0.19,488,2,9,1
CUST_0520,69,male,Bachelor,,13,51192.0,96170,0.2,,6,9,1
CUST_0838,27,female,,SELF-EMPLOYED,11,51132.0,51840,0.74,472,0,14,0
CUST_0948,,Female,,SELF-EMPLOYED,8,56148.0,71624,0.13,320,4,7,1
CUST_0064,34,F,high school,Salaried,21,61541.0,38787,0.38,829,1,6,0
CUST_0812,38,,high school,salaried,24,51636.0,5340,0.65,697,6,10,0
CUST_0014,57,Female,,salaried,18,29255.0,38848,0.17,340,9,2,1
CUST_0156,68,Male,High School,salaried,17,24200.0,12927,0.52,474,5,9,1
CUST_0040,20,F,masters,Unemployed,3,36747.0,54815,,574,7,14,1
CUST_0492,64,male,Bachelor,Self-Employed,11,41076.0,68095,0.43,405,7,3,0
CUST_0379,23,Male,,salaried,5,19685.0,60915,0.85,757,9,13,1
CUST_0187,47,female,PhD,Salaried,20,71830.0,38365,0.88,,3,9,1
CUST_0763,49,male,high school,,18,25521.0,94859,0.23,465,6,14,1
CUST_0216,66,M,,salaried,16,68480.0,79071,0.63,632,2,1,0
CUST_0921,40,male,Master,Unemployed,10,64379.0,32103,0.72,632,0,6,0
CUST_0791,,Male,BACHELOR,Salaried,5,43671.0,68918,0.77,683,5,11,0
CUST_0052,26,,masters,Salaried,1,36963.0,10469,0.58,668,9,13,0
CUST_0878,28,,High School,Salaried,28,49693.0,83518,0.2,474,6,14,1
CUST_0337,31,F,Bachelor,Self-Employed,7,71309.0,93708,0.22,465,6,9,1
CUST_0748,37,M,BACHELOR,SELF-EMPLOYED,16,,27852,0.4,842,0,0,0
CUST_0719,,Male,,SELF-EMPLOYED,23,41411.0,20434,0.68,770,2,7,1
CUST_0724,58,female,,,26,35960.0,88555,0.49,,6,14,1
CUST_0295,,male,,Self-Employed,28,45049.0,70794,0.23,687,8,8,1
CUST_0701,24,,High School,salaried,24,18589.0,22514,0.31,667,9,9,0
CUST_0251,23,Male,,SELF-EMPLOYED,20,15948.0,25354,0.25,510,5,2,0
CUST_0726,18,male,High School,salaried,0,21947.0,50734,0.26,479,2,14,0
CUST_0461,61,,,Self-Employed,23,48016.0,16002,0.11,400,1,4,1
CUST_0455,23,F,BACHELOR,Self-Employed,0,64167.0,10075,0.43,338,5,0,0
CUST_0270,24,male,PhD,Unemployed,11,30482.0,66001,0.26,339,6,10,1
CUST_0815,39,M,Master,SELF-EMPLOYED,6,44194.0,67443,0.77,489,0,4,0
CUST_0862,,,High School,,6,68991.0,21859,,590,1,4,0
CUST_0269,49,male,Bachelor,Self-Employed,29,22966.0,76947,0.64,358,8,3,0
CUST_0201,25,Female,Master,Unemployed,21,59787.0,72169,,438,0,9,1
CUST_0161,49,,Master,Self-Employed,15,19937.0,55601,0.76,392,2,11,1
CUST_0555,37,M,BACHELOR,salaried,3,,37327,,644,7,3,0
CUST_0729,45,Male,PhD,,25,36141.0,81708,,491,6,10,0
CUST_0401,57,F,High School,,10,70883.0,46814,0.19,389,2,5,1
CUST_0702,,,Bachelor,Salaried,16,30207.0,41268,0.29,428,1,5,0
CUST_0476,30,F,,Unemployed,20,61395.0,54416,0.12,752,5,11,0
CUST_0821,58,female,Bachelor,SELF-EMPLOYED,15,34885.0,90376,0.62,,2,13,1
CUST_0771,45,Female,Master,,,57481.0,23693,0.15,744,6,11,0
CUST_0105,41,female,High School,,28,33003.0,34309,0.63,396,6,1,1
CUST_0565,29,Male,BACHELOR,SELF-EMPLOYED,18,18472.0,9378,0.11,636,3,6,1
CUST_0389,50,female,PhD,Self-Employed,2,34034.0,6089,0.68,411,5,3,0
CUST_0001,69,male,high school,salaried,28,54069.0,14596,0.11,353,4,12,1
CUST_0976,32,Female,,salaried,1,,66388,,816,4,6,1
CUST_0490,18,Male,High School,Salaried,28,66812.0,94709,0.6,789,1,7,0
CUST_0561,50,,high school,Salaried,2,,31512,0.8,687,7,14,1
CUST_0931,20,Female,Bachelor,Unemployed,21,93300.0,56151,,764,2,14,0
CUST_0080,31,male,Bachelor,Salaried,0,67422.0,39865,0.15,640,1,7,0
CUST_0205,50,Female,high school,Salaried,11,42503.0,52945,,734,7,9,1
CUST_0034,33,male,High School,SELF-EMPLOYED,19,60018.0,65603,0.38,827,5,13,0
CUST_0942,35,Female,,salaried,21,29103.0,15503,,592,5,5,1
CUST_0775,67,Male,masters,SELF-EMPLOYED,,58380.0,89092,0.68,544,1,0,1
CUST_0508,33,Female,BACHELOR,SELF-EMPLOYED,16,54167.0,55500,0.67,381,0,8,1
CUST_0427,41,Female,BACHELOR,Salaried,5,93265.0,88297,0.43,,8,1,1
CUST_0454,59,F,masters,SELF-EMPLOYED,29,29575.0,64675,0.81,359,3,7,1
CUST_0088,,female,High School,salaried,,50368.0,88820,0.65,439,3,1,0
CUST_0366,50,,PhD,Self-Employed,21,37245.0,23099,0.89,469,8,10,0
CUST_0091,35,Male,Bachelor,Unemployed,18,,66330,0.66,611,7,13,0
CUST_0339,65,male,,Self-Employed,3,78186.0,20036,0.44,761,4,1,0
CUST_0897,47,male,PhD,salaried,4,86520.0,27190,0.26,347,7,12,1
CUST_0564,54,female,High School,Salaried,18,63046.0,33933,0.37,799,0,14,1
CUST_0345,50,F,high school,Salaried,16,,86835,0.18,741,1,1,0
CUST_0776,45,Male,BACHELOR,,23,35899.0,27052,0.21,359,7,1,1
CUST_0241,23,Male,High School,Unemployed,27,64865.0,5781,0.71,500,2,12,1
CUST_0013,53,male,BACHELOR,Unemployed,20,60778.0,66627,0.4,676,4,6,1
CUST_0315,25,Male,High School,salaried,17,63630.0,68370,0.42,529,9,6,1
CUST_0600,42,male,Master,Unemployed,,43567.0,9648,0.87,666,8,9,0
CUST_0387,48,F,PhD,,12,90204.0,32516,,,9,13,1
CUST_0273,50,female,High School,salaried,,102647.0,38243,0.2,599,3,4,0
CUST_0166,56,male,high school,Salaried,21,45381.0,25644,0.31,616,6,10,1
CUST_0840,34,female,High School,,5,48590.0,89754,0.25,649,6,3,0
CUST_0020,61,Male,BACHELOR,,22,22028.0,41060,0.87,450,2,8,1
CUST_0646,48,female,PhD,Self-Employed,19,48717.0,8744,0.68,517,7,12,1
CUST_0818,30,Male,PhD,SELF-EMPLOYED,22,36638.0,5138,0.66,583,4,11,1
CUST_0484,43,,High School,Self-Employed,15,36472.0,76363,0.69,411,2,9,1
CUST_0636,66,Male,High School,,5,54021.0,40820,0.54,572,9,7,0
CUST_0504,46,Female,BACHELOR,SELF-EMPLOYED,0,80067.0,34165,0.55,331,7,11,1
CUST_0831,22,M,High School,Unemployed,16,61156.0,68922,0.38,612,3,13,0
CUST_0243,21,Female,BACHELOR,salaried,14,46320.0,32624,0.77,613,3,0,1
CUST_0566,20,male,High School,,12,79530.0,45583,0.64,780,7,7,0
CUST_0875,38,female,masters,,28,,61115,0.63,532,9,7,1
CUST_0562,68,,High School,Self-Employed,11,46547.0,11716,0.87,824,2,9,0
CUST_0993,40,Male,High School,SELF-EMPLOYED,8,62965.0,68671,0.13,437,1,3,1
CUST_0686,67,Female,,Self-Employed,7,61895.0,53438,0.19,763,3,9,1
CUST_0957,43,Male,masters,SELF-EMPLOYED,1,64697.0,46160,0.33,445,6,7,1
CUST_0189,45,M,,salaried,7,,7336,0.15,324,2,9,1
CUST_0782,34,Male,,SELF-EMPLOYED,,53387.0,28173,,831,8,1,0
CUST_0975,69,,Bachelor,Salaried,3,57623.0,37955,0.47,349,5,2,0
CUST_0699,69,female,Master,,9,77840.0,15516,0.87,386,0,2,0
CUST_0475,33,M,high school,SELF-EMPLOYED,10,59135.0,54437,0.11,489,6,13,1
CUST_0681,63,F,,Unemployed,,17092.0,83928,0.56,510,2,14,1
CUST_0510,54,Male,high school,Self-Employed,19,45056.0,63643,0.49,746,6,1,0
CUST_0058,24,,masters,salaried,24,66713.0,55288,0.47,487,8,3,1
CUST_0474,69,male,High School,SELF-EMPLOYED,9,56854.0,48472,0.22,395,2,12,1
CUST_0560,50,,high school,salaried,20,71573.0,98905,0.12,705,0,1,0
CUST_0856,48,female,High School,SELF-EMPLOYED,21,42236.0,24595,0.79,395,1,5,0
CUST_0747,36,female,BACHELOR,SELF-EMPLOYED,,-99999.0,13767,0.33,546,4,5,0
CUST_0252,39,Female,Bachelor,salaried,9,70583.0,47951,0.25,343,9,6,1
CUST_0021,47,F,BACHELOR,Salaried,29,,99733,0.3,410,9,0,0
CUST_0313,,Female,high school,SELF-EMPLOYED,23,71063.0,7591,0.35,403,0,6,0
CUST_0459,50,,,SELF-EMPLOYED,26,67449.0,77766,0.22,,9,14,1
CUST_0160,69,male,High School,Salaried,1,44808.0,70428,0.79,440,2,0,0
CUST_0276,35,male,Master,Unemployed,12,32832.0,62828,0.87,635,4,6,1
CUST_0955,66,female,masters,salaried,26,82146.0,13068,0.25,463,0,11,1
CUST_0191,56,F,High School,salaried,21,42571.0,80415,0.62,392,2,12,1
CUST_0385,66,female,,Salaried,9,56689.0,83112,0.15,729,2,11,1
CUST_0805,,M,masters,salaried,3,60159.0,10498,0.34,662,0,12,0
CUST_0413,43,male,High School,Unemployed,15,62974.0,60267,0.74,,5,2,0
CUST_0491,18,F,Bachelor,Self-Employed,,36947.0,59869,0.76,738,2,8,1
CUST_0343,20,M,High School,Unemployed,10,79067.0,5645,0.61,506,4,8,1
CUST_0769,45,Female,BACHELOR,Unemployed,25,66670.0,82362,0.53,538,1,14,1
CUST_0308,37,Female,masters,,25,58592.0,72843,0.29,516,3,7,0
CUST_0661,62,Male,BACHELOR,,22,52511.0,56649,0.23,509,9,1,1
CUST_0130,41,,masters,SELF-EMPLOYED,20,55599.0,14557,0.79,317,5,14,1
CUST_0663,56,F,Bachelor,,17,,15058,0.71,759,9,4,0
CUST_0871,64,Female,masters,salaried,13,65183.0,18893,0.11,524,5,5,0
CUST_0087,57,Male,masters,,3,42969.0,95106,0.39,,3,8,0
CUST_0330,52,,BACHELOR,salaried,9,78939.0,21154,0.46,,9,13,0
CUST_0466,23,female,PhD,Salaried,11,49088.0,57142,0.36,465,2,1,0
CUST_0121,45,M,Bachelor,Unemployed,23,77112.0,18975,0.49,584,0,0,0
CUST_0860,51,Female,PhD,Unemployed,,58738.0,60690,0.54,803,0,9,1
